<snapchange>
  <milliseconds>0</milliseconds>
  <roiDegrees>180</roiDegrees>
  <foVTile>1,3,4,8</foVTile>
</snapchange>
  <snapchange>
  <milliseconds>9000</milliseconds>
  <roiDegrees>170</roiDegrees>
  <foVTile>1,3,4,7,8</foVTile>
</snapchange>
<snapchange>
<milliseconds>18000</milliseconds>
<roiDegrees>-150</roiDegrees>
<foVTile>1,3,5,8</foVTile>
</snapchange>
<snapchange>
<milliseconds>37200</milliseconds>
<roiDegrees>5</roiDegrees>
<foVTile>1,3,4,8</foVTile>
</snapchange>
