<snapchange>
  <milliseconds>0</milliseconds>
  <roiDegrees>180</roiDegrees>
  <foVTile>1,3,4,8</foVTile>
</snapchange>
  <snapchange>
  <milliseconds>9000</milliseconds>
  <roiDegrees>0</roiDegrees>
  <foVTile>4,5,6,7</foVTile>
</snapchange>
<snapchange>
<milliseconds>18000</milliseconds>
<roiDegrees>90</roiDegrees>
<foVTile>2,3,4,7,8</foVTile>
</snapchange>
<snapchange>
<milliseconds>30000</milliseconds>
<roiDegrees>-50</roiDegrees>
<foVTile>0,3,5,6</foVTile>
</snapchange>
<snapchange>
<milliseconds>51000</milliseconds>
<roiDegrees>-50</roiDegrees>
<foVTile>0,3,5,6</foVTile>
</snapchange>
<snapchange>
<milliseconds>73000</milliseconds>
<roiDegrees>-90</roiDegrees>
<foVTile>0,3,5,6,8</foVTile>
</snapchange>
<snapchange>
<milliseconds>85000</milliseconds>
<roiDegrees>0</roiDegrees>
<foVTile>4,5,6,7</foVTile>
</snapchange>
<snapchange>
<milliseconds>97000</milliseconds>
<roiDegrees>0</roiDegrees>
<foVTile>4,5,6,7</foVTile>
</snapchange>
<snapchange>
<milliseconds>110000</milliseconds>
<roiDegrees>-90</roiDegrees>
<foVTile>0,3,5,6,8</foVTile>
</snapchange>
<snapchange>
<milliseconds>120000</milliseconds>
<roiDegrees>70</roiDegrees>
<foVTile>2,4,7</foVTile>
</snapchange>
