<snapchange>
<milliseconds>0</milliseconds>
<roiDegrees>155</roiDegrees>
<foVTile>1,3,4,8</foVTile>
</snapchange>
<snapchange>
<milliseconds>6800</milliseconds>
<roiDegrees>155</roiDegrees>
<foVTile>1,3,4,8</foVTile>
</snapchange>
<snapchange>
<milliseconds>18800</milliseconds>
<roiDegrees>-160</roiDegrees>
<foVTile>1,3,5,8</foVTile>
</snapchange>
<snapchange>
<milliseconds>30800</milliseconds>
<roiDegrees>-150</roiDegrees>
<foVTile>1,3,5,8</foVTile>
</snapchange>
<snapchange>
<milliseconds>40800</milliseconds>
<roiDegrees>50</roiDegrees>
<foVTile>2,4,5,7</foVTile>
</snapchange>
<snapchange>
<milliseconds>53800</milliseconds>
<roiDegrees>-175</roiDegrees>
<foVTile>1,4,5,8</foVTile>
</snapchange>
