<snapchange>
<milliseconds>0</milliseconds>
<roiDegrees>0</roiDegrees>
<foVTile>4,5,6,7</foVTile>
</snapchange>
<snapchange>
<milliseconds>26530</milliseconds>
<roiDegrees>-110</roiDegrees>
<foVTile>1,3,5,6,8</foVTile>
</snapchange>
<snapchange>
<milliseconds>30000</milliseconds>
<roiDegrees>-30</roiDegrees>
<foVTile>0,4,5,6</foVTile>
</snapchange>
<snapchange>
<milliseconds>39000</milliseconds>
<roiDegrees>-90</roiDegrees>
<foVTile>0,3,5,6</foVTile>
</snapchange>
<snapchange>
<milliseconds>40000</milliseconds>
<roiDegrees>-120</roiDegrees>
<foVTile>1,3,5,6,8</foVTile>
</snapchange>
<snapchange>
<milliseconds>41000</milliseconds>
<roiDegrees>-180</roiDegrees>
<foVTile>1,4,5,8</foVTile>
</snapchange>
<snapchange>
<milliseconds>43000</milliseconds>
<roiDegrees>90</roiDegrees>
<foVTile>2,4,7,8</foVTile>
</snapchange>
<snapchange>
<milliseconds>45000</milliseconds>
<roiDegrees>-40</roiDegrees>
<foVTile>0,3,5,6</foVTile>
</snapchange>
<snapchange>
<milliseconds>49000</milliseconds>
<roiDegrees>-80</roiDegrees>
<foVTile>0,3,5,6,8</foVTile>
</snapchange>
<snapchange>
<milliseconds>53000</milliseconds>
<roiDegrees>-80</roiDegrees>
<foVTile>0,3,5,6,8</foVTile>
</snapchange>
<snapchange>
<milliseconds>82000</milliseconds>
<roiDegrees>-60</roiDegrees>
<foVTile>0,3,5,6</foVTile>
</snapchange>
<snapchange>
<milliseconds>92000</milliseconds>
<roiDegrees>80</roiDegrees>
<foVTile>2,4,7,8</foVTile>
</snapchange>
<snapchange>
<milliseconds>112000</milliseconds>
<roiDegrees>80</roiDegrees>
<foVTile>2,4,7,8</foVTile>
</snapchange>
<snapchange>
<milliseconds>127000</milliseconds>
<roiDegrees>0</roiDegrees>
<foVTile>4,5,6,7</foVTile>
</snapchange>
<snapchange>
<milliseconds>129000</milliseconds>
<roiDegrees>-100</roiDegrees>
<foVTile>0,3,5,6,8</foVTile>
</snapchange>
<snapchange>
<milliseconds>132000</milliseconds>
<roiDegrees>140</roiDegrees>
<foVTile>1,3,4,8</foVTile>
</snapchange>
