  <snapchange>
    <milliseconds>0</milliseconds>
    <roiDegrees>150</roiDegrees>
    <foVTile>1,3,4,7,8</foVTile>
  </snapchange>
  <snapchange>
    <milliseconds>14000</milliseconds>
    <roiDegrees>180</roiDegrees>
    <foVTile>1,3,4,8</foVTile>
  </snapchange>
  <snapchange>
    <milliseconds>33000</milliseconds>
    <roiDegrees>180</roiDegrees>
    <foVTile>1,3,4,8</foVTile>
  </snapchange>
  <snapchange>
    <milliseconds>43500</milliseconds>
    <roiDegrees>-60</roiDegrees>
    <foVTile>0,3,5,6</foVTile>
  </snapchange>
  <snapchange>
    <milliseconds>59000</milliseconds>
    <roiDegrees>-50</roiDegrees>
    <foVTile>0,3,5,6</foVTile>
  </snapchange>
  <snapchange>
    <milliseconds>79000</milliseconds>
    <roiDegrees>-55</roiDegrees>
    <foVTile>0,3,5,6</foVTile>
  </snapchange>
  <snapchange>
    <milliseconds>96000</milliseconds>
    <roiDegrees>-40</roiDegrees>
    <foVTile>0,3,5,6</foVTile>
  </snapchange>
  <snapchange>
    <milliseconds>112500</milliseconds>
    <roiDegrees>10</roiDegrees>
    <foVTile>2,4,5,6,7</foVTile>
  </snapchange>
  <snapchange>
    <milliseconds>113250</milliseconds>
    <roiDegrees>25</roiDegrees>
    <foVTile>2,4,5,7</foVTile>
  </snapchange>
  <snapchange>
  <milliseconds>123000</milliseconds>
  <roiDegrees>30</roiDegrees>
  <foVTile>2,4,5,7</foVTile>
  </snapchange>
  <snapchange>
  <milliseconds>143000</milliseconds>
  <roiDegrees>60</roiDegrees>
  <foVTile>2,4,5,7</foVTile>
  </snapchange>
  <snapchange>
  <milliseconds>161000</milliseconds>
  <roiDegrees>60</roiDegrees>
  <foVTile>2,4,5,7</foVTile>
  </snapchange>
  <snapchange>
  <milliseconds>184000</milliseconds>
  <roiDegrees>-10</roiDegrees>
  <foVTile>0,4,5,6,7</foVTile>
  </snapchange>
  <snapchange>
  <milliseconds>208000</milliseconds>
  <roiDegrees>-30</roiDegrees>
  <foVTile>0,4,5,6</foVTile>
  </snapchange>
  <snapchange>
  <milliseconds>217000</milliseconds>
  <roiDegrees>-90</roiDegrees>
  <foVTile>0,4,5,6</foVTile>
  </snapchange>
  <snapchange>
  <milliseconds>218000</milliseconds>
  <roiDegrees>-120</roiDegrees>
  <foVTile>1,3,4,8</foVTile>
  </snapchange>
  <snapchange>
  <milliseconds>219000</milliseconds>
  <roiDegrees>-180</roiDegrees>
  <foVTile>1,3,4,8</foVTile>
  </snapchange>
  <snapchange>
  <milliseconds>221000</milliseconds>
  <roiDegrees>90</roiDegrees>
  <foVTile>1,3,4,8</foVTile>
  </snapchange>
  <snapchange>
  <milliseconds>223800</milliseconds>
  <roiDegrees>-40</roiDegrees>
  <foVTile>0,4,5,6</foVTile>
  </snapchange>
  <snapchange>
  <milliseconds>227000</milliseconds>
  <roiDegrees>-80</roiDegrees>
  <foVTile>0,5,6,8</foVTile>
  </snapchange>
  <snapchange>
  <milliseconds>231000</milliseconds>
  <roiDegrees>-80</roiDegrees>
  <foVTile>0,5,6,8</foVTile>
  </snapchange>
  <snapchange>
  <milliseconds>260000</milliseconds>
  <roiDegrees>-60</roiDegrees>
  <foVTile>0,3,5,6</foVTile>
  </snapchange>
  <snapchange>
  <milliseconds>270000</milliseconds>
  <roiDegrees>80</roiDegrees>
  <foVTile>2,4,7,8</foVTile>
  </snapchange>
  <snapchange>
  <milliseconds>290000</milliseconds>
  <roiDegrees>80</roiDegrees>
  <foVTile>2,4,7,8</foVTile>
  </snapchange>
  <snapchange>
  <milliseconds>305000</milliseconds>
  <roiDegrees>0</roiDegrees>
  <foVTile>2,4,7,8</foVTile>
  </snapchange>
  <snapchange>
  <milliseconds>307000</milliseconds>
  <roiDegrees>-100</roiDegrees>
  <foVTile>2,4,7,8</foVTile>
  </snapchange>
  <snapchange>
  <milliseconds>310000</milliseconds>
  <roiDegrees>140</roiDegrees>
  <foVTile>1,3,4,7,8</foVTile>
  </snapchange>
