<snapchange>
  <milliseconds>0</milliseconds>
  <roiDegrees>150</roiDegrees>
  <foVTile>1,3,4,7,8</foVTile>
</snapchange>
<snapchange>
  <milliseconds>14000</milliseconds>
  <roiDegrees>180</roiDegrees>
  <foVTile>1,3,4,8</foVTile>
</snapchange>
  <snapchange>
  <milliseconds>31000</milliseconds>
  <roiDegrees>0</roiDegrees>
  <foVTile>4,5,6,7</foVTile>
</snapchange>
<snapchange>
<milliseconds>43500</milliseconds>
<roiDegrees>80</roiDegrees>
<foVTile>2,4,6,7</foVTile>
</snapchange>
<snapchange>
<milliseconds>59000</milliseconds>
<roiDegrees>80</roiDegrees>
<foVTile>2,4,6,7</foVTile>
</snapchange>
<snapchange>
<milliseconds>79000</milliseconds>
<roiDegrees>-90</roiDegrees>
<foVTile>0,3,5,6,8</foVTile>
</snapchange>
<snapchange>
<milliseconds>96000</milliseconds>
<roiDegrees>80</roiDegrees>
<foVTile>2,4,6,7</foVTile>
</snapchange>
<snapchange>
<milliseconds>113000</milliseconds>
<roiDegrees>0</roiDegrees>
<foVTile>4,5,6,7</foVTile>
</snapchange>
<snapchange>
<milliseconds>123000</milliseconds>
<roiDegrees>70</roiDegrees>
<foVTile>2,4,5,7</foVTile>
</snapchange>
<snapchange>
<milliseconds>143000</milliseconds>
<roiDegrees>-95</roiDegrees>
<foVTile>0,3,5,6,8</foVTile>
</snapchange>
<snapchange>
<milliseconds>161000</milliseconds>
<roiDegrees>90</roiDegrees>
<foVTile>2,3,4,7,8</foVTile>
</snapchange>
<snapchange>
<milliseconds>184000</milliseconds>
<roiDegrees>0</roiDegrees>
<foVTile>4,5,6,7</foVTile>
</snapchange>
<snapchange>
<milliseconds>208000</milliseconds>
<roiDegrees>180</roiDegrees>
<foVTile>1,3,4,8</foVTile>
</snapchange>
<snapchange>
<milliseconds>231000</milliseconds>
<roiDegrees>-90</roiDegrees>
<foVTile>0,3,5,6,8</foVTile>
</snapchange>
<snapchange>
<milliseconds>260000</milliseconds>
<roiDegrees>-90</roiDegrees>
<foVTile>0,3,5,6,8</foVTile>
</snapchange>
<snapchange>
<milliseconds>270000</milliseconds>
<roiDegrees>-130</roiDegrees>
<foVTile>0,1,3,5,6,8</foVTile>
</snapchange>
<snapchange>
<milliseconds>290000</milliseconds>
<roiDegrees>0</roiDegrees>
<foVTile>4,5,6,7</foVTile>
</snapchange>
<snapchange>
<milliseconds>310000</milliseconds>
<roiDegrees>-40</roiDegrees>
<foVTile>0,3,5,6</foVTile>
</snapchange>
