./tile_low2,2_K_part2__track1_64.m4s,1325
./tile_low2,2_K_part2__track1_65.m4s,1324
./tile_low2,2_K_part2__track1_66.m4s,77288
./tile_low2,2_K_part2__track1_67.m4s,130143
./tile_low2,2_K_part2__track1_68.m4s,117111
./tile_low2,2_K_part2__track1_69.m4s,103298
./tile_low2,2_K_part2__track1_7.m4s,38446
./tile_low2,2_K_part2__track1_70.m4s,103297
./tile_low2,2_K_part2__track1_71.m4s,103469
./tile_low2,2_K_part2__track1_72.m4s,103441
./tile_low2,2_K_part2__track1_73.m4s,103687
./tile_low2,2_K_part2__track1_74.m4s,112170
./tile_low2,2_K_part2__track1_75.m4s,122869
./tile_low2,2_K_part2__track1_76.m4s,68766
./tile_low2,2_K_part2__track1_8.m4s,35945
./tile_low2,2_K_part2__track1_9.m4s,39735
./tile_low2,1_K_part2__track1_41.m4s,74518
./tile_low2,1_K_part2__track1_42.m4s,78910
./tile_low2,1_K_part2__track1_43.m4s,79168
./tile_low2,1_K_part2__track1_44.m4s,76644
./tile_low2,1_K_part2__track1_45.m4s,75500
./tile_low2,1_K_part2__track1_46.m4s,79265
./tile_low2,1_K_part2__track1_47.m4s,78338
./tile_low2,1_K_part2__track1_48.m4s,79200
./tile_low2,1_K_part2__track1_49.m4s,75982
./tile_low2,1_K_part2__track1_5.m4s,57484
./tile_low2,1_K_part2__track1_50.m4s,76648
./tile_low2,1_K_part2__track1_51.m4s,84930
./tile_low2,1_K_part2__track1_52.m4s,96568
./tile_low2,1_K_part2__track1_53.m4s,93516
./tile_low2,1_K_part2__track1_54.m4s,105155
./tile_low2,1_K_part2__track1_55.m4s,82397
./tile_low2,1_K_part2__track1_56.m4s,96387
./tile_low2,1_K_part2__track1_57.m4s,95005
./tile_low2,1_K_part2__track1_58.m4s,95202
./tile_low2,1_K_part2__track1_59.m4s,107529
./tile_low2,1_K_part2__track1_6.m4s,56270
./tile_low2,1_K_part2__track1_60.m4s,95208
./tile_low2,1_K_part2__track1_61.m4s,91353
./tile_low2,1_K_part2__track1_62.m4s,87892
./tile_low2,1_K_part2__track1_63.m4s,61266
./tile_low2,1_K_part2__track1_64.m4s,1325
./tile_low2,1_K_part2__track1_65.m4s,1324
./tile_low2,1_K_part2__track1_66.m4s,76394
./tile_low2,1_K_part2__track1_67.m4s,126180
./tile_low2,1_K_part2__track1_68.m4s,129357
./tile_low2,1_K_part2__track1_69.m4s,113751
./tile_low2,1_K_part2__track1_7.m4s,59867
./tile_low2,1_K_part2__track1_70.m4s,123396
./tile_low2,1_K_part2__track1_71.m4s,113637
./tile_low2,1_K_part2__track1_72.m4s,123474
./tile_low2,1_K_part2__track1_73.m4s,113925
./tile_low2,1_K_part2__track1_74.m4s,123334
./tile_low2,1_K_part2__track1_75.m4s,114253
./tile_low2,1_K_part2__track1_76.m4s,74657
./tile_low2,1_K_part2__track1_8.m4s,58859
./tile_low2,1_K_part2__track1_9.m4s,61791
./tile_low2,2_K_part2__track1_1.m4s,47713
./tile_low2,2_K_part2__track1_10.m4s,38252
./tile_low2,2_K_part2__track1_11.m4s,34419
./tile_low2,2_K_part2__track1_12.m4s,44087
./tile_low2,2_K_part2__track1_13.m4s,42477
./tile_low2,2_K_part2__track1_14.m4s,38691
./tile_low2,2_K_part2__track1_15.m4s,41892
./tile_low2,2_K_part2__track1_16.m4s,39625
./tile_low2,2_K_part2__track1_17.m4s,43319
./tile_low2,2_K_part2__track1_18.m4s,39415
./tile_low2,2_K_part2__track1_19.m4s,52309
./tile_low2,2_K_part2__track1_2.m4s,34978
./tile_low2,2_K_part2__track1_20.m4s,42083
./tile_low2,2_K_part2__track1_21.m4s,48095
./tile_low2,2_K_part2__track1_22.m4s,44432
./tile_low2,2_K_part2__track1_23.m4s,42316
./tile_low2,2_K_part2__track1_24.m4s,44045
./tile_low2,2_K_part2__track1_25.m4s,62486
./tile_low2,2_K_part2__track1_26.m4s,64513
./tile_low2,2_K_part2__track1_27.m4s,59621
./tile_low2,2_K_part2__track1_28.m4s,59074
./tile_low2,2_K_part2__track1_29.m4s,61037
./tile_low2,2_K_part2__track1_3.m4s,34348
./tile_low2,2_K_part2__track1_30.m4s,59594
./tile_low2,2_K_part2__track1_31.m4s,62844
./tile_low2,2_K_part2__track1_32.m4s,63500
./tile_low2,2_K_part2__track1_33.m4s,62387
./tile_low2,2_K_part2__track1_34.m4s,64561
./tile_low2,2_K_part2__track1_35.m4s,59256
./tile_low2,2_K_part2__track1_36.m4s,70689
./tile_low2,2_K_part2__track1_37.m4s,89717
./tile_low2,2_K_part2__track1_38.m4s,91016
./tile_low2,2_K_part2__track1_39.m4s,88227
./tile_low2,2_K_part2__track1_4.m4s,45057
./tile_low2,2_K_part2__track1_40.m4s,84727
./tile_low2,2_K_part2__track1_41.m4s,85787
./tile_low2,2_K_part2__track1_42.m4s,87505
./tile_low2,2_K_part2__track1_43.m4s,89801
./tile_low2,2_K_part2__track1_44.m4s,89646
./tile_low2,2_K_part2__track1_45.m4s,91037
./tile_low2,2_K_part2__track1_46.m4s,91410
./tile_low2,2_K_part2__track1_47.m4s,90386
./tile_low2,2_K_part2__track1_48.m4s,92841
./tile_low2,2_K_part2__track1_49.m4s,90489
./tile_low2,2_K_part2__track1_5.m4s,35825
./tile_low2,2_K_part2__track1_50.m4s,57589
./tile_low2,2_K_part2__track1_51.m4s,37211
./tile_low2,2_K_part2__track1_52.m4s,42431
./tile_low2,2_K_part2__track1_53.m4s,39784
./tile_low2,2_K_part2__track1_54.m4s,43768
./tile_low2,2_K_part2__track1_55.m4s,39705
./tile_low2,2_K_part2__track1_56.m4s,45196
./tile_low2,2_K_part2__track1_57.m4s,40488
./tile_low2,2_K_part2__track1_58.m4s,44058
./tile_low2,2_K_part2__track1_59.m4s,45974
./tile_low2,2_K_part2__track1_6.m4s,37769
./tile_low2,2_K_part2__track1_60.m4s,41327
./tile_low2,2_K_part2__track1_61.m4s,39692
./tile_low2,2_K_part2__track1_62.m4s,37950
./tile_low2,2_K_part2__track1_63.m4s,24299
./tile_low2,0_K_part2__track1_19.m4s,40424
./tile_low2,0_K_part2__track1_2.m4s,76009
./tile_low2,0_K_part2__track1_20.m4s,34077
./tile_low2,0_K_part2__track1_21.m4s,41031
./tile_low2,0_K_part2__track1_22.m4s,35586
./tile_low2,0_K_part2__track1_23.m4s,30730
./tile_low2,0_K_part2__track1_24.m4s,51972
./tile_low2,0_K_part2__track1_25.m4s,91255
./tile_low2,0_K_part2__track1_26.m4s,89941
./tile_low2,0_K_part2__track1_27.m4s,86612
./tile_low2,0_K_part2__track1_28.m4s,86955
./tile_low2,0_K_part2__track1_29.m4s,91288
./tile_low2,0_K_part2__track1_3.m4s,83187
./tile_low2,0_K_part2__track1_30.m4s,87725
./tile_low2,0_K_part2__track1_31.m4s,85803
./tile_low2,0_K_part2__track1_32.m4s,89173
./tile_low2,0_K_part2__track1_33.m4s,94243
./tile_low2,0_K_part2__track1_34.m4s,88267
./tile_low2,0_K_part2__track1_35.m4s,86740
./tile_low2,0_K_part2__track1_36.m4s,59386
./tile_low2,0_K_part2__track1_37.m4s,29986
./tile_low2,0_K_part2__track1_38.m4s,35022
./tile_low2,0_K_part2__track1_39.m4s,33037
./tile_low2,0_K_part2__track1_4.m4s,85853
./tile_low2,0_K_part2__track1_40.m4s,30100
./tile_low2,0_K_part2__track1_41.m4s,25224
./tile_low2,0_K_part2__track1_42.m4s,31513
./tile_low2,0_K_part2__track1_43.m4s,28587
./tile_low2,0_K_part2__track1_44.m4s,21856
./tile_low2,0_K_part2__track1_45.m4s,25918
./tile_low2,0_K_part2__track1_46.m4s,24773
./tile_low2,0_K_part2__track1_47.m4s,28145
./tile_low2,0_K_part2__track1_48.m4s,34880
./tile_low2,0_K_part2__track1_49.m4s,30698
./tile_low2,0_K_part2__track1_5.m4s,73160
./tile_low2,0_K_part2__track1_50.m4s,59945
./tile_low2,0_K_part2__track1_51.m4s,79108
./tile_low2,0_K_part2__track1_52.m4s,78398
./tile_low2,0_K_part2__track1_53.m4s,76633
./tile_low2,0_K_part2__track1_54.m4s,77222
./tile_low2,0_K_part2__track1_55.m4s,68158
./tile_low2,0_K_part2__track1_56.m4s,79383
./tile_low2,0_K_part2__track1_57.m4s,78936
./tile_low2,0_K_part2__track1_58.m4s,88532
./tile_low2,0_K_part2__track1_59.m4s,80483
./tile_low2,0_K_part2__track1_6.m4s,73867
./tile_low2,0_K_part2__track1_60.m4s,73944
./tile_low2,0_K_part2__track1_61.m4s,72322
./tile_low2,0_K_part2__track1_62.m4s,75324
./tile_low2,0_K_part2__track1_63.m4s,42997
./tile_low2,0_K_part2__track1_64.m4s,1325
./tile_low2,0_K_part2__track1_65.m4s,1324
./tile_low2,0_K_part2__track1_66.m4s,24287
./tile_low2,0_K_part2__track1_67.m4s,29649
./tile_low2,0_K_part2__track1_68.m4s,30222
./tile_low2,0_K_part2__track1_69.m4s,31060
./tile_low2,0_K_part2__track1_7.m4s,76521
./tile_low2,0_K_part2__track1_70.m4s,30783
./tile_low2,0_K_part2__track1_71.m4s,30938
./tile_low2,0_K_part2__track1_72.m4s,30940
./tile_low2,0_K_part2__track1_73.m4s,30906
./tile_low2,0_K_part2__track1_74.m4s,30954
./tile_low2,0_K_part2__track1_75.m4s,30905
./tile_low2,0_K_part2__track1_76.m4s,28082
./tile_low2,0_K_part2__track1_8.m4s,73927
./tile_low2,0_K_part2__track1_9.m4s,80317
./tile_low2,1_K_part2__track1_1.m4s,72466
./tile_low2,1_K_part2__track1_10.m4s,57569
./tile_low2,1_K_part2__track1_11.m4s,55932
./tile_low2,1_K_part2__track1_12.m4s,50411
./tile_low2,1_K_part2__track1_13.m4s,40096
./tile_low2,1_K_part2__track1_14.m4s,35391
./tile_low2,1_K_part2__track1_15.m4s,36850
./tile_low2,1_K_part2__track1_16.m4s,38243
./tile_low2,1_K_part2__track1_17.m4s,37762
./tile_low2,1_K_part2__track1_18.m4s,36415
./tile_low2,1_K_part2__track1_19.m4s,46868
./tile_low2,1_K_part2__track1_2.m4s,63544
./tile_low2,1_K_part2__track1_20.m4s,41286
./tile_low2,1_K_part2__track1_21.m4s,48509
./tile_low2,1_K_part2__track1_22.m4s,44696
./tile_low2,1_K_part2__track1_23.m4s,39700
./tile_low2,1_K_part2__track1_24.m4s,49300
./tile_low2,1_K_part2__track1_25.m4s,86167
./tile_low2,1_K_part2__track1_26.m4s,86169
./tile_low2,1_K_part2__track1_27.m4s,76172
./tile_low2,1_K_part2__track1_28.m4s,79278
./tile_low2,1_K_part2__track1_29.m4s,87105
./tile_low2,1_K_part2__track1_3.m4s,62946
./tile_low2,1_K_part2__track1_30.m4s,78952
./tile_low2,1_K_part2__track1_31.m4s,81400
./tile_low2,1_K_part2__track1_32.m4s,84594
./tile_low2,1_K_part2__track1_33.m4s,83926
./tile_low2,1_K_part2__track1_34.m4s,79149
./tile_low2,1_K_part2__track1_35.m4s,76139
./tile_low2,1_K_part2__track1_36.m4s,74208
./tile_low2,1_K_part2__track1_37.m4s,77325
./tile_low2,1_K_part2__track1_38.m4s,78967
./tile_low2,1_K_part2__track1_39.m4s,77744
./tile_low2,1_K_part2__track1_4.m4s,68209
./tile_low2,1_K_part2__track1_40.m4s,73879
./tile_low1,1_K_part2__track1_65.m4s,9965
./tile_low1,1_K_part2__track1_66.m4s,81959
./tile_low1,1_K_part2__track1_67.m4s,126722
./tile_low1,1_K_part2__track1_68.m4s,120433
./tile_low1,1_K_part2__track1_69.m4s,107011
./tile_low1,1_K_part2__track1_7.m4s,68570
./tile_low1,1_K_part2__track1_70.m4s,111111
./tile_low1,1_K_part2__track1_71.m4s,116785
./tile_low1,1_K_part2__track1_72.m4s,111476
./tile_low1,1_K_part2__track1_73.m4s,120254
./tile_low1,1_K_part2__track1_74.m4s,106791
./tile_low1,1_K_part2__track1_75.m4s,105487
./tile_low1,1_K_part2__track1_76.m4s,74720
./tile_low1,1_K_part2__track1_8.m4s,66695
./tile_low1,1_K_part2__track1_9.m4s,67517
./tile_low1,2_K_part2__track1_1.m4s,58502
./tile_low1,2_K_part2__track1_10.m4s,47261
./tile_low1,2_K_part2__track1_11.m4s,48326
./tile_low1,2_K_part2__track1_12.m4s,52428
./tile_low1,2_K_part2__track1_13.m4s,61130
./tile_low1,2_K_part2__track1_14.m4s,54743
./tile_low1,2_K_part2__track1_15.m4s,57376
./tile_low1,2_K_part2__track1_16.m4s,55355
./tile_low1,2_K_part2__track1_17.m4s,57703
./tile_low1,2_K_part2__track1_18.m4s,55033
./tile_low1,2_K_part2__track1_19.m4s,71523
./tile_low1,2_K_part2__track1_2.m4s,45586
./tile_low1,2_K_part2__track1_20.m4s,56308
./tile_low1,2_K_part2__track1_21.m4s,64959
./tile_low1,2_K_part2__track1_22.m4s,61098
./tile_low1,2_K_part2__track1_23.m4s,56524
./tile_low1,2_K_part2__track1_24.m4s,55428
./tile_low1,2_K_part2__track1_25.m4s,75757
./tile_low1,2_K_part2__track1_26.m4s,74614
./tile_low1,2_K_part2__track1_27.m4s,68405
./tile_low1,2_K_part2__track1_28.m4s,69498
./tile_low1,2_K_part2__track1_29.m4s,71876
./tile_low1,2_K_part2__track1_3.m4s,50490
./tile_low1,2_K_part2__track1_30.m4s,67790
./tile_low1,2_K_part2__track1_31.m4s,71449
./tile_low1,2_K_part2__track1_32.m4s,68829
./tile_low1,2_K_part2__track1_33.m4s,74263
./tile_low1,2_K_part2__track1_34.m4s,72916
./tile_low1,2_K_part2__track1_35.m4s,69685
./tile_low1,2_K_part2__track1_36.m4s,55988
./tile_low1,2_K_part2__track1_37.m4s,40983
./tile_low1,2_K_part2__track1_38.m4s,45502
./tile_low1,2_K_part2__track1_39.m4s,42727
./tile_low1,2_K_part2__track1_4.m4s,55409
./tile_low1,2_K_part2__track1_40.m4s,38881
./tile_low1,2_K_part2__track1_41.m4s,42071
./tile_low1,2_K_part2__track1_42.m4s,43097
./tile_low1,2_K_part2__track1_43.m4s,40949
./tile_low1,2_K_part2__track1_44.m4s,42282
./tile_low1,2_K_part2__track1_45.m4s,41234
./tile_low1,2_K_part2__track1_46.m4s,41912
./tile_low1,2_K_part2__track1_47.m4s,42149
./tile_low1,2_K_part2__track1_48.m4s,45115
./tile_low1,2_K_part2__track1_49.m4s,41695
./tile_low1,2_K_part2__track1_5.m4s,48120
./tile_low1,2_K_part2__track1_50.m4s,56101
./tile_low1,2_K_part2__track1_51.m4s,61672
./tile_low1,2_K_part2__track1_52.m4s,68535
./tile_low1,2_K_part2__track1_53.m4s,72618
./tile_low1,2_K_part2__track1_54.m4s,73922
./tile_low1,2_K_part2__track1_55.m4s,68137
./tile_low1,2_K_part2__track1_56.m4s,72621
./tile_low1,2_K_part2__track1_57.m4s,66970
./tile_low1,2_K_part2__track1_58.m4s,67932
./tile_low1,2_K_part2__track1_59.m4s,78022
./tile_low1,2_K_part2__track1_6.m4s,47300
./tile_low1,2_K_part2__track1_60.m4s,75910
./tile_low1,2_K_part2__track1_61.m4s,70426
./tile_low1,2_K_part2__track1_62.m4s,62932
./tile_low1,2_K_part2__track1_63.m4s,47036
./tile_low1,2_K_part2__track1_64.m4s,1325
./tile_low1,2_K_part2__track1_65.m4s,1324
./tile_low1,2_K_part2__track1_66.m4s,81607
./tile_low1,2_K_part2__track1_67.m4s,138114
./tile_low1,2_K_part2__track1_68.m4s,124671
./tile_low1,2_K_part2__track1_69.m4s,123721
./tile_low1,2_K_part2__track1_7.m4s,52094
./tile_low1,2_K_part2__track1_70.m4s,119341
./tile_low1,2_K_part2__track1_71.m4s,131099
./tile_low1,2_K_part2__track1_72.m4s,114476
./tile_low1,2_K_part2__track1_73.m4s,132496
./tile_low1,2_K_part2__track1_74.m4s,118994
./tile_low1,2_K_part2__track1_75.m4s,126427
./tile_low1,2_K_part2__track1_76.m4s,72309
./tile_low1,2_K_part2__track1_8.m4s,47358
./tile_low1,2_K_part2__track1_9.m4s,51509
./tile_low2,0_K_part2__track1_1.m4s,68600
./tile_low2,0_K_part2__track1_10.m4s,73484
./tile_low2,0_K_part2__track1_11.m4s,76938
./tile_low2,0_K_part2__track1_12.m4s,49631
./tile_low2,0_K_part2__track1_13.m4s,32700
./tile_low2,0_K_part2__track1_14.m4s,29898
./tile_low2,0_K_part2__track1_15.m4s,30116
./tile_low2,0_K_part2__track1_16.m4s,27701
./tile_low2,0_K_part2__track1_17.m4s,33014
./tile_low2,0_K_part2__track1_18.m4s,30942
./tile_low1,0_K_part2__track1_42.m4s,45629
./tile_low1,0_K_part2__track1_43.m4s,47160
./tile_low1,0_K_part2__track1_44.m4s,41581
./tile_low1,0_K_part2__track1_45.m4s,45434
./tile_low1,0_K_part2__track1_46.m4s,45547
./tile_low1,0_K_part2__track1_47.m4s,44946
./tile_low1,0_K_part2__track1_48.m4s,49101
./tile_low1,0_K_part2__track1_49.m4s,43183
./tile_low1,0_K_part2__track1_5.m4s,82955
./tile_low1,0_K_part2__track1_50.m4s,58935
./tile_low1,0_K_part2__track1_51.m4s,63940
./tile_low1,0_K_part2__track1_52.m4s,67850
./tile_low1,0_K_part2__track1_53.m4s,65735
./tile_low1,0_K_part2__track1_54.m4s,68643
./tile_low1,0_K_part2__track1_55.m4s,67145
./tile_low1,0_K_part2__track1_56.m4s,71115
./tile_low1,0_K_part2__track1_57.m4s,70449
./tile_low1,0_K_part2__track1_58.m4s,70874
./tile_low1,0_K_part2__track1_59.m4s,72544
./tile_low1,0_K_part2__track1_6.m4s,87408
./tile_low1,0_K_part2__track1_60.m4s,65143
./tile_low1,0_K_part2__track1_61.m4s,61754
./tile_low1,0_K_part2__track1_62.m4s,62546
./tile_low1,0_K_part2__track1_63.m4s,37885
./tile_low1,0_K_part2__track1_64.m4s,1345
./tile_low1,0_K_part2__track1_65.m4s,1368
./tile_low1,0_K_part2__track1_66.m4s,25984
./tile_low1,0_K_part2__track1_67.m4s,32744
./tile_low1,0_K_part2__track1_68.m4s,34478
./tile_low1,0_K_part2__track1_69.m4s,35886
./tile_low1,0_K_part2__track1_7.m4s,86597
./tile_low1,0_K_part2__track1_70.m4s,35886
./tile_low1,0_K_part2__track1_71.m4s,35886
./tile_low1,0_K_part2__track1_72.m4s,35886
./tile_low1,0_K_part2__track1_73.m4s,35886
./tile_low1,0_K_part2__track1_74.m4s,35886
./tile_low1,0_K_part2__track1_75.m4s,35889
./tile_low1,0_K_part2__track1_76.m4s,31164
./tile_low1,0_K_part2__track1_8.m4s,85060
./tile_low1,0_K_part2__track1_9.m4s,92061
./tile_low1,1_K_part2__track1_1.m4s,77360
./tile_low1,1_K_part2__track1_10.m4s,63059
./tile_low1,1_K_part2__track1_11.m4s,60271
./tile_low1,1_K_part2__track1_12.m4s,64588
./tile_low1,1_K_part2__track1_13.m4s,68510
./tile_low1,1_K_part2__track1_14.m4s,60015
./tile_low1,1_K_part2__track1_15.m4s,58827
./tile_low1,1_K_part2__track1_16.m4s,65379
./tile_low1,1_K_part2__track1_17.m4s,61652
./tile_low1,1_K_part2__track1_18.m4s,60503
./tile_low1,1_K_part2__track1_19.m4s,73468
./tile_low1,1_K_part2__track1_2.m4s,71232
./tile_low1,1_K_part2__track1_20.m4s,69132
./tile_low1,1_K_part2__track1_21.m4s,85127
./tile_low1,1_K_part2__track1_22.m4s,81340
./tile_low1,1_K_part2__track1_23.m4s,66661
./tile_low1,1_K_part2__track1_24.m4s,67060
./tile_low1,1_K_part2__track1_25.m4s,103194
./tile_low1,1_K_part2__track1_26.m4s,103948
./tile_low1,1_K_part2__track1_27.m4s,96124
./tile_low1,1_K_part2__track1_28.m4s,100433
./tile_low1,1_K_part2__track1_29.m4s,103698
./tile_low1,1_K_part2__track1_3.m4s,71254
./tile_low1,1_K_part2__track1_30.m4s,96399
./tile_low1,1_K_part2__track1_31.m4s,100452
./tile_low1,1_K_part2__track1_32.m4s,94349
./tile_low1,1_K_part2__track1_33.m4s,100441
./tile_low1,1_K_part2__track1_34.m4s,95564
./tile_low1,1_K_part2__track1_35.m4s,95803
./tile_low1,1_K_part2__track1_36.m4s,88518
./tile_low1,1_K_part2__track1_37.m4s,83978
./tile_low1,1_K_part2__track1_38.m4s,87770
./tile_low1,1_K_part2__track1_39.m4s,84933
./tile_low1,1_K_part2__track1_4.m4s,73195
./tile_low1,1_K_part2__track1_40.m4s,83372
./tile_low1,1_K_part2__track1_41.m4s,85407
./tile_low1,1_K_part2__track1_42.m4s,87993
./tile_low1,1_K_part2__track1_43.m4s,86401
./tile_low1,1_K_part2__track1_44.m4s,82935
./tile_low1,1_K_part2__track1_45.m4s,81601
./tile_low1,1_K_part2__track1_46.m4s,86667
./tile_low1,1_K_part2__track1_47.m4s,83751
./tile_low1,1_K_part2__track1_48.m4s,86613
./tile_low1,1_K_part2__track1_49.m4s,80211
./tile_low1,1_K_part2__track1_5.m4s,61930
./tile_low1,1_K_part2__track1_50.m4s,80124
./tile_low1,1_K_part2__track1_51.m4s,76343
./tile_low1,1_K_part2__track1_52.m4s,88040
./tile_low1,1_K_part2__track1_53.m4s,82525
./tile_low1,1_K_part2__track1_54.m4s,86350
./tile_low1,1_K_part2__track1_55.m4s,78446
./tile_low1,1_K_part2__track1_56.m4s,86820
./tile_low1,1_K_part2__track1_57.m4s,82905
./tile_low1,1_K_part2__track1_58.m4s,83320
./tile_low1,1_K_part2__track1_59.m4s,92908
./tile_low1,1_K_part2__track1_6.m4s,62344
./tile_low1,1_K_part2__track1_60.m4s,84978
./tile_low1,1_K_part2__track1_61.m4s,80896
./tile_low1,1_K_part2__track1_62.m4s,80252
./tile_low1,1_K_part2__track1_63.m4s,57256
./tile_low1,1_K_part2__track1_64.m4s,8499
./tile_low0,2_K_part2__track1_2.m4s,43107
./tile_low0,2_K_part2__track1_20.m4s,37323
./tile_low0,2_K_part2__track1_21.m4s,43437
./tile_low0,2_K_part2__track1_22.m4s,40973
./tile_low0,2_K_part2__track1_23.m4s,38486
./tile_low0,2_K_part2__track1_24.m4s,42235
./tile_low0,2_K_part2__track1_25.m4s,67879
./tile_low0,2_K_part2__track1_26.m4s,68371
./tile_low0,2_K_part2__track1_27.m4s,61223
./tile_low0,2_K_part2__track1_28.m4s,63898
./tile_low0,2_K_part2__track1_29.m4s,65867
./tile_low0,2_K_part2__track1_3.m4s,45400
./tile_low0,2_K_part2__track1_30.m4s,60723
./tile_low0,2_K_part2__track1_31.m4s,65438
./tile_low0,2_K_part2__track1_32.m4s,69956
./tile_low0,2_K_part2__track1_33.m4s,66038
./tile_low0,2_K_part2__track1_34.m4s,63242
./tile_low0,2_K_part2__track1_35.m4s,60106
./tile_low0,2_K_part2__track1_36.m4s,52227
./tile_low0,2_K_part2__track1_37.m4s,38902
./tile_low0,2_K_part2__track1_38.m4s,41804
./tile_low0,2_K_part2__track1_39.m4s,38912
./tile_low0,2_K_part2__track1_4.m4s,53715
./tile_low0,2_K_part2__track1_40.m4s,37014
./tile_low0,2_K_part2__track1_41.m4s,36222
./tile_low0,2_K_part2__track1_42.m4s,37924
./tile_low0,2_K_part2__track1_43.m4s,37211
./tile_low0,2_K_part2__track1_44.m4s,36473
./tile_low0,2_K_part2__track1_45.m4s,37197
./tile_low0,2_K_part2__track1_46.m4s,38683
./tile_low0,2_K_part2__track1_47.m4s,37213
./tile_low0,2_K_part2__track1_48.m4s,39602
./tile_low0,2_K_part2__track1_49.m4s,37860
./tile_low0,2_K_part2__track1_5.m4s,46609
./tile_low0,2_K_part2__track1_50.m4s,49674
./tile_low0,2_K_part2__track1_51.m4s,49823
./tile_low0,2_K_part2__track1_52.m4s,58311
./tile_low0,2_K_part2__track1_53.m4s,56120
./tile_low0,2_K_part2__track1_54.m4s,61034
./tile_low0,2_K_part2__track1_55.m4s,57052
./tile_low0,2_K_part2__track1_56.m4s,58705
./tile_low0,2_K_part2__track1_57.m4s,52689
./tile_low0,2_K_part2__track1_58.m4s,57722
./tile_low0,2_K_part2__track1_59.m4s,64996
./tile_low0,2_K_part2__track1_6.m4s,48777
./tile_low0,2_K_part2__track1_60.m4s,61430
./tile_low0,2_K_part2__track1_61.m4s,58712
./tile_low0,2_K_part2__track1_62.m4s,50621
./tile_low0,2_K_part2__track1_63.m4s,36132
./tile_low0,2_K_part2__track1_64.m4s,1325
./tile_low0,2_K_part2__track1_65.m4s,1324
./tile_low0,2_K_part2__track1_66.m4s,83214
./tile_low0,2_K_part2__track1_67.m4s,147715
./tile_low0,2_K_part2__track1_68.m4s,135342
./tile_low0,2_K_part2__track1_69.m4s,136379
./tile_low0,2_K_part2__track1_7.m4s,47303
./tile_low0,2_K_part2__track1_70.m4s,131080
./tile_low0,2_K_part2__track1_71.m4s,118916
./tile_low0,2_K_part2__track1_72.m4s,138678
./tile_low0,2_K_part2__track1_73.m4s,119047
./tile_low0,2_K_part2__track1_74.m4s,136564
./tile_low0,2_K_part2__track1_75.m4s,130674
./tile_low0,2_K_part2__track1_76.m4s,77468
./tile_low0,2_K_part2__track1_8.m4s,45925
./tile_low0,2_K_part2__track1_9.m4s,48784
./tile_low1,0_K_part2__track1_1.m4s,84001
./tile_low1,0_K_part2__track1_10.m4s,84886
./tile_low1,0_K_part2__track1_11.m4s,88065
./tile_low1,0_K_part2__track1_12.m4s,46722
./tile_low1,0_K_part2__track1_13.m4s,19258
./tile_low1,0_K_part2__track1_14.m4s,18728
./tile_low1,0_K_part2__track1_15.m4s,18767
./tile_low1,0_K_part2__track1_16.m4s,17793
./tile_low1,0_K_part2__track1_17.m4s,19798
./tile_low1,0_K_part2__track1_18.m4s,18148
./tile_low1,0_K_part2__track1_19.m4s,28988
./tile_low1,0_K_part2__track1_2.m4s,82468
./tile_low1,0_K_part2__track1_20.m4s,24879
./tile_low1,0_K_part2__track1_21.m4s,34790
./tile_low1,0_K_part2__track1_22.m4s,28891
./tile_low1,0_K_part2__track1_23.m4s,21100
./tile_low1,0_K_part2__track1_24.m4s,19962
./tile_low1,0_K_part2__track1_25.m4s,21263
./tile_low1,0_K_part2__track1_26.m4s,19253
./tile_low1,0_K_part2__track1_27.m4s,19367
./tile_low1,0_K_part2__track1_28.m4s,20374
./tile_low1,0_K_part2__track1_29.m4s,21139
./tile_low1,0_K_part2__track1_3.m4s,94536
./tile_low1,0_K_part2__track1_30.m4s,20066
./tile_low1,0_K_part2__track1_31.m4s,19390
./tile_low1,0_K_part2__track1_32.m4s,21020
./tile_low1,0_K_part2__track1_33.m4s,21453
./tile_low1,0_K_part2__track1_34.m4s,20885
./tile_low1,0_K_part2__track1_35.m4s,20379
./tile_low1,0_K_part2__track1_36.m4s,38568
./tile_low1,0_K_part2__track1_37.m4s,50857
./tile_low1,0_K_part2__track1_38.m4s,50676
./tile_low1,0_K_part2__track1_39.m4s,46684
./tile_low1,0_K_part2__track1_4.m4s,95545
./tile_low1,0_K_part2__track1_40.m4s,45856
./tile_low1,0_K_part2__track1_41.m4s,45008
./tile_low0,0_K_part2__track1_66.m4s,33151
./tile_low0,0_K_part2__track1_67.m4s,44364
./tile_low0,0_K_part2__track1_68.m4s,48999
./tile_low0,0_K_part2__track1_69.m4s,48844
./tile_low0,0_K_part2__track1_7.m4s,87592
./tile_low0,0_K_part2__track1_70.m4s,48087
./tile_low0,0_K_part2__track1_71.m4s,48372
./tile_low0,0_K_part2__track1_72.m4s,45495
./tile_low0,0_K_part2__track1_73.m4s,45497
./tile_low0,0_K_part2__track1_74.m4s,48013
./tile_low0,0_K_part2__track1_75.m4s,48283
./tile_low0,0_K_part2__track1_76.m4s,38484
./tile_low0,0_K_part2__track1_8.m4s,85022
./tile_low0,0_K_part2__track1_9.m4s,91944
./tile_low0,1_K_part2__track1_1.m4s,68440
./tile_low0,1_K_part2__track1_10.m4s,67628
./tile_low0,1_K_part2__track1_11.m4s,65140
./tile_low0,1_K_part2__track1_12.m4s,61042
./tile_low0,1_K_part2__track1_13.m4s,48632
./tile_low0,1_K_part2__track1_14.m4s,43647
./tile_low0,1_K_part2__track1_15.m4s,47498
./tile_low0,1_K_part2__track1_16.m4s,47718
./tile_low0,1_K_part2__track1_17.m4s,45268
./tile_low0,1_K_part2__track1_18.m4s,44857
./tile_low0,1_K_part2__track1_19.m4s,52012
./tile_low0,1_K_part2__track1_2.m4s,75368
./tile_low0,1_K_part2__track1_20.m4s,47914
./tile_low0,1_K_part2__track1_21.m4s,56042
./tile_low0,1_K_part2__track1_22.m4s,50608
./tile_low0,1_K_part2__track1_23.m4s,46703
./tile_low0,1_K_part2__track1_24.m4s,62626
./tile_low0,1_K_part2__track1_25.m4s,91549
./tile_low0,1_K_part2__track1_26.m4s,91365
./tile_low0,1_K_part2__track1_27.m4s,84483
./tile_low0,1_K_part2__track1_28.m4s,84225
./tile_low0,1_K_part2__track1_29.m4s,91787
./tile_low0,1_K_part2__track1_3.m4s,76971
./tile_low0,1_K_part2__track1_30.m4s,85647
./tile_low0,1_K_part2__track1_31.m4s,86561
./tile_low0,1_K_part2__track1_32.m4s,90619
./tile_low0,1_K_part2__track1_33.m4s,90531
./tile_low0,1_K_part2__track1_34.m4s,83406
./tile_low0,1_K_part2__track1_35.m4s,80170
./tile_low0,1_K_part2__track1_36.m4s,77350
./tile_low0,1_K_part2__track1_37.m4s,65284
./tile_low0,1_K_part2__track1_38.m4s,64218
./tile_low0,1_K_part2__track1_39.m4s,61804
./tile_low0,1_K_part2__track1_4.m4s,79134
./tile_low0,1_K_part2__track1_40.m4s,62093
./tile_low0,1_K_part2__track1_41.m4s,61845
./tile_low0,1_K_part2__track1_42.m4s,65795
./tile_low0,1_K_part2__track1_43.m4s,64461
./tile_low0,1_K_part2__track1_44.m4s,60951
./tile_low0,1_K_part2__track1_45.m4s,59239
./tile_low0,1_K_part2__track1_46.m4s,66288
./tile_low0,1_K_part2__track1_47.m4s,61499
./tile_low0,1_K_part2__track1_48.m4s,66381
./tile_low0,1_K_part2__track1_49.m4s,60278
./tile_low0,1_K_part2__track1_5.m4s,67312
./tile_low0,1_K_part2__track1_50.m4s,77423
./tile_low0,1_K_part2__track1_51.m4s,92322
./tile_low0,1_K_part2__track1_52.m4s,105379
./tile_low0,1_K_part2__track1_53.m4s,97530
./tile_low0,1_K_part2__track1_54.m4s,102918
./tile_low0,1_K_part2__track1_55.m4s,95366
./tile_low0,1_K_part2__track1_56.m4s,99410
./tile_low0,1_K_part2__track1_57.m4s,92746
./tile_low0,1_K_part2__track1_58.m4s,102866
./tile_low0,1_K_part2__track1_59.m4s,111789
./tile_low0,1_K_part2__track1_6.m4s,70645
./tile_low0,1_K_part2__track1_60.m4s,106274
./tile_low0,1_K_part2__track1_61.m4s,97356
./tile_low0,1_K_part2__track1_62.m4s,94456
./tile_low0,1_K_part2__track1_63.m4s,69607
./tile_low0,1_K_part2__track1_64.m4s,5273
./tile_low0,1_K_part2__track1_65.m4s,5949
./tile_low0,1_K_part2__track1_66.m4s,81453
./tile_low0,1_K_part2__track1_67.m4s,128597
./tile_low0,1_K_part2__track1_68.m4s,124909
./tile_low0,1_K_part2__track1_69.m4s,106221
./tile_low0,1_K_part2__track1_7.m4s,69677
./tile_low0,1_K_part2__track1_70.m4s,112582
./tile_low0,1_K_part2__track1_71.m4s,117432
./tile_low0,1_K_part2__track1_72.m4s,106307
./tile_low0,1_K_part2__track1_73.m4s,105728
./tile_low0,1_K_part2__track1_74.m4s,106745
./tile_low0,1_K_part2__track1_75.m4s,106396
./tile_low0,1_K_part2__track1_76.m4s,74577
./tile_low0,1_K_part2__track1_8.m4s,70685
./tile_low0,1_K_part2__track1_9.m4s,72271
./tile_low0,2_K_part2__track1_1.m4s,58670
./tile_low0,2_K_part2__track1_10.m4s,46680
./tile_low0,2_K_part2__track1_11.m4s,45121
./tile_low0,2_K_part2__track1_12.m4s,42888
./tile_low0,2_K_part2__track1_13.m4s,38051
./tile_low0,2_K_part2__track1_14.m4s,34710
./tile_low0,2_K_part2__track1_15.m4s,38497
./tile_low0,2_K_part2__track1_16.m4s,34736
./tile_low0,2_K_part2__track1_17.m4s,38064
./tile_low0,2_K_part2__track1_18.m4s,35191
./tile_low0,2_K_part2__track1_19.m4s,41139
./tile2,2_K_part2__track1_42.m4s,378239
./tile2,2_K_part2__track1_43.m4s,398787
./tile2,2_K_part2__track1_44.m4s,394370
./tile2,2_K_part2__track1_45.m4s,404208
./tile2,2_K_part2__track1_46.m4s,396662
./tile2,2_K_part2__track1_47.m4s,386322
./tile2,2_K_part2__track1_48.m4s,412169
./tile2,2_K_part2__track1_49.m4s,387868
./tile2,2_K_part2__track1_5.m4s,124117
./tile2,2_K_part2__track1_50.m4s,223753
./tile2,2_K_part2__track1_51.m4s,147056
./tile2,2_K_part2__track1_52.m4s,144018
./tile2,2_K_part2__track1_53.m4s,140600
./tile2,2_K_part2__track1_54.m4s,147461
./tile2,2_K_part2__track1_55.m4s,138654
./tile2,2_K_part2__track1_56.m4s,159276
./tile2,2_K_part2__track1_57.m4s,158889
./tile2,2_K_part2__track1_58.m4s,156420
./tile2,2_K_part2__track1_59.m4s,158290
./tile2,2_K_part2__track1_6.m4s,124301
./tile2,2_K_part2__track1_60.m4s,133908
./tile2,2_K_part2__track1_61.m4s,129477
./tile2,2_K_part2__track1_62.m4s,126532
./tile2,2_K_part2__track1_63.m4s,79915
./tile2,2_K_part2__track1_64.m4s,3283
./tile2,2_K_part2__track1_65.m4s,3282
./tile2,2_K_part2__track1_66.m4s,322523
./tile2,2_K_part2__track1_67.m4s,388112
./tile2,2_K_part2__track1_68.m4s,382363
./tile2,2_K_part2__track1_69.m4s,382363
./tile2,2_K_part2__track1_7.m4s,133655
./tile2,2_K_part2__track1_70.m4s,382282
./tile2,2_K_part2__track1_71.m4s,384087
./tile2,2_K_part2__track1_72.m4s,380839
./tile2,2_K_part2__track1_73.m4s,380839
./tile2,2_K_part2__track1_74.m4s,380839
./tile2,2_K_part2__track1_75.m4s,380678
./tile2,2_K_part2__track1_76.m4s,353654
./tile2,2_K_part2__track1_8.m4s,129086
./tile2,2_K_part2__track1_9.m4s,137018
./tile_low0,0_K_part2__track1_1.m4s,75985
./tile_low0,0_K_part2__track1_10.m4s,85684
./tile_low0,0_K_part2__track1_11.m4s,89903
./tile_low0,0_K_part2__track1_12.m4s,54854
./tile_low0,0_K_part2__track1_13.m4s,30285
./tile_low0,0_K_part2__track1_14.m4s,27601
./tile_low0,0_K_part2__track1_15.m4s,28450
./tile_low0,0_K_part2__track1_16.m4s,27471
./tile_low0,0_K_part2__track1_17.m4s,30011
./tile_low0,0_K_part2__track1_18.m4s,28441
./tile_low0,0_K_part2__track1_19.m4s,33223
./tile_low0,0_K_part2__track1_2.m4s,83119
./tile_low0,0_K_part2__track1_20.m4s,32790
./tile_low0,0_K_part2__track1_21.m4s,39615
./tile_low0,0_K_part2__track1_22.m4s,34069
./tile_low0,0_K_part2__track1_23.m4s,30517
./tile_low0,0_K_part2__track1_24.m4s,42903
./tile_low0,0_K_part2__track1_25.m4s,58277
./tile_low0,0_K_part2__track1_26.m4s,56298
./tile_low0,0_K_part2__track1_27.m4s,53333
./tile_low0,0_K_part2__track1_28.m4s,55211
./tile_low0,0_K_part2__track1_29.m4s,54837
./tile_low0,0_K_part2__track1_3.m4s,92132
./tile_low0,0_K_part2__track1_30.m4s,55090
./tile_low0,0_K_part2__track1_31.m4s,55728
./tile_low0,0_K_part2__track1_32.m4s,51041
./tile_low0,0_K_part2__track1_33.m4s,59695
./tile_low0,0_K_part2__track1_34.m4s,55697
./tile_low0,0_K_part2__track1_35.m4s,54842
./tile_low0,0_K_part2__track1_36.m4s,43277
./tile_low0,0_K_part2__track1_37.m4s,37195
./tile_low0,0_K_part2__track1_38.m4s,40441
./tile_low0,0_K_part2__track1_39.m4s,36821
./tile_low0,0_K_part2__track1_4.m4s,96462
./tile_low0,0_K_part2__track1_40.m4s,35602
./tile_low0,0_K_part2__track1_41.m4s,33639
./tile_low0,0_K_part2__track1_42.m4s,35261
./tile_low0,0_K_part2__track1_43.m4s,34877
./tile_low0,0_K_part2__track1_44.m4s,30917
./tile_low0,0_K_part2__track1_45.m4s,36221
./tile_low0,0_K_part2__track1_46.m4s,33625
./tile_low0,0_K_part2__track1_47.m4s,35912
./tile_low0,0_K_part2__track1_48.m4s,37820
./tile_low0,0_K_part2__track1_49.m4s,35938
./tile_low0,0_K_part2__track1_5.m4s,86251
./tile_low0,0_K_part2__track1_50.m4s,48446
./tile_low0,0_K_part2__track1_51.m4s,54794
./tile_low0,0_K_part2__track1_52.m4s,58213
./tile_low0,0_K_part2__track1_53.m4s,55644
./tile_low0,0_K_part2__track1_54.m4s,59304
./tile_low0,0_K_part2__track1_55.m4s,55038
./tile_low0,0_K_part2__track1_56.m4s,58290
./tile_low0,0_K_part2__track1_57.m4s,57979
./tile_low0,0_K_part2__track1_58.m4s,63462
./tile_low0,0_K_part2__track1_59.m4s,60608
./tile_low0,0_K_part2__track1_6.m4s,89677
./tile_low0,0_K_part2__track1_60.m4s,55291
./tile_low0,0_K_part2__track1_61.m4s,51777
./tile_low0,0_K_part2__track1_62.m4s,52602
./tile_low0,0_K_part2__track1_63.m4s,32697
./tile_low0,0_K_part2__track1_64.m4s,1349
./tile_low0,0_K_part2__track1_65.m4s,1375
./tile2,1_K_part2__track1_17.m4s,124711
./tile2,1_K_part2__track1_18.m4s,109809
./tile2,1_K_part2__track1_19.m4s,165345
./tile2,1_K_part2__track1_2.m4s,201973
./tile2,1_K_part2__track1_20.m4s,147462
./tile2,1_K_part2__track1_21.m4s,182697
./tile2,1_K_part2__track1_22.m4s,151669
./tile2,1_K_part2__track1_23.m4s,131465
./tile2,1_K_part2__track1_24.m4s,200224
./tile2,1_K_part2__track1_25.m4s,245866
./tile2,1_K_part2__track1_26.m4s,233674
./tile2,1_K_part2__track1_27.m4s,222857
./tile2,1_K_part2__track1_28.m4s,225339
./tile2,1_K_part2__track1_29.m4s,237544
./tile2,1_K_part2__track1_3.m4s,203503
./tile2,1_K_part2__track1_30.m4s,219144
./tile2,1_K_part2__track1_31.m4s,223668
./tile2,1_K_part2__track1_32.m4s,236142
./tile2,1_K_part2__track1_33.m4s,239358
./tile2,1_K_part2__track1_34.m4s,232234
./tile2,1_K_part2__track1_35.m4s,213451
./tile2,1_K_part2__track1_36.m4s,298582
./tile2,1_K_part2__track1_37.m4s,330372
./tile2,1_K_part2__track1_38.m4s,326045
./tile2,1_K_part2__track1_39.m4s,320301
./tile2,1_K_part2__track1_4.m4s,216886
./tile2,1_K_part2__track1_40.m4s,294431
./tile2,1_K_part2__track1_41.m4s,299908
./tile2,1_K_part2__track1_42.m4s,331873
./tile2,1_K_part2__track1_43.m4s,325662
./tile2,1_K_part2__track1_44.m4s,310681
./tile2,1_K_part2__track1_45.m4s,308389
./tile2,1_K_part2__track1_46.m4s,305188
./tile2,1_K_part2__track1_47.m4s,312728
./tile2,1_K_part2__track1_48.m4s,312369
./tile2,1_K_part2__track1_49.m4s,293213
./tile2,1_K_part2__track1_5.m4s,189603
./tile2,1_K_part2__track1_50.m4s,305116
./tile2,1_K_part2__track1_51.m4s,302503
./tile2,1_K_part2__track1_52.m4s,315025
./tile2,1_K_part2__track1_53.m4s,318676
./tile2,1_K_part2__track1_54.m4s,328860
./tile2,1_K_part2__track1_55.m4s,288226
./tile2,1_K_part2__track1_56.m4s,329171
./tile2,1_K_part2__track1_57.m4s,333660
./tile2,1_K_part2__track1_58.m4s,345745
./tile2,1_K_part2__track1_59.m4s,340854
./tile2,1_K_part2__track1_6.m4s,198416
./tile2,1_K_part2__track1_60.m4s,304675
./tile2,1_K_part2__track1_61.m4s,306684
./tile2,1_K_part2__track1_62.m4s,291527
./tile2,1_K_part2__track1_63.m4s,157938
./tile2,1_K_part2__track1_64.m4s,3284
./tile2,1_K_part2__track1_65.m4s,3283
./tile2,1_K_part2__track1_66.m4s,272265
./tile2,1_K_part2__track1_67.m4s,320770
./tile2,1_K_part2__track1_68.m4s,321825
./tile2,1_K_part2__track1_69.m4s,321602
./tile2,1_K_part2__track1_7.m4s,199533
./tile2,1_K_part2__track1_70.m4s,322689
./tile2,1_K_part2__track1_71.m4s,322689
./tile2,1_K_part2__track1_72.m4s,322689
./tile2,1_K_part2__track1_73.m4s,322689
./tile2,1_K_part2__track1_74.m4s,322689
./tile2,1_K_part2__track1_75.m4s,322502
./tile2,1_K_part2__track1_76.m4s,300488
./tile2,1_K_part2__track1_8.m4s,193562
./tile2,1_K_part2__track1_9.m4s,210789
./tile2,2_K_part2__track1_1.m4s,147283
./tile2,2_K_part2__track1_10.m4s,141449
./tile2,2_K_part2__track1_11.m4s,131572
./tile2,2_K_part2__track1_12.m4s,146820
./tile2,2_K_part2__track1_13.m4s,117065
./tile2,2_K_part2__track1_14.m4s,136244
./tile2,2_K_part2__track1_15.m4s,127637
./tile2,2_K_part2__track1_16.m4s,119988
./tile2,2_K_part2__track1_17.m4s,119060
./tile2,2_K_part2__track1_18.m4s,113199
./tile2,2_K_part2__track1_19.m4s,160746
./tile2,2_K_part2__track1_2.m4s,127770
./tile2,2_K_part2__track1_20.m4s,159460
./tile2,2_K_part2__track1_21.m4s,151439
./tile2,2_K_part2__track1_22.m4s,131681
./tile2,2_K_part2__track1_23.m4s,131935
./tile2,2_K_part2__track1_24.m4s,183155
./tile2,2_K_part2__track1_25.m4s,214873
./tile2,2_K_part2__track1_26.m4s,195113
./tile2,2_K_part2__track1_27.m4s,185691
./tile2,2_K_part2__track1_28.m4s,190487
./tile2,2_K_part2__track1_29.m4s,196968
./tile2,2_K_part2__track1_3.m4s,128158
./tile2,2_K_part2__track1_30.m4s,186321
./tile2,2_K_part2__track1_31.m4s,209243
./tile2,2_K_part2__track1_32.m4s,210558
./tile2,2_K_part2__track1_33.m4s,210392
./tile2,2_K_part2__track1_34.m4s,218383
./tile2,2_K_part2__track1_35.m4s,193156
./tile2,2_K_part2__track1_36.m4s,325734
./tile2,2_K_part2__track1_37.m4s,396786
./tile2,2_K_part2__track1_38.m4s,403904
./tile2,2_K_part2__track1_39.m4s,378723
./tile2,2_K_part2__track1_4.m4s,143656
./tile2,2_K_part2__track1_40.m4s,366271
./tile2,2_K_part2__track1_41.m4s,372143
./tile1,2_K_part2__track1_60.m4s,275460
./tile1,2_K_part2__track1_61.m4s,252552
./tile1,2_K_part2__track1_62.m4s,248889
./tile1,2_K_part2__track1_63.m4s,150674
./tile1,2_K_part2__track1_64.m4s,3283
./tile1,2_K_part2__track1_65.m4s,3282
./tile1,2_K_part2__track1_66.m4s,335528
./tile1,2_K_part2__track1_67.m4s,406149
./tile1,2_K_part2__track1_68.m4s,396523
./tile1,2_K_part2__track1_69.m4s,396523
./tile1,2_K_part2__track1_7.m4s,181369
./tile1,2_K_part2__track1_70.m4s,396729
./tile1,2_K_part2__track1_71.m4s,396707
./tile1,2_K_part2__track1_72.m4s,396707
./tile1,2_K_part2__track1_73.m4s,396707
./tile1,2_K_part2__track1_74.m4s,396707
./tile1,2_K_part2__track1_75.m4s,396581
./tile1,2_K_part2__track1_76.m4s,362880
./tile1,2_K_part2__track1_8.m4s,165117
./tile1,2_K_part2__track1_9.m4s,169785
./tile2,0_K_part2__track1_1.m4s,264277
./tile2,0_K_part2__track1_10.m4s,255566
./tile2,0_K_part2__track1_11.m4s,258997
./tile2,0_K_part2__track1_12.m4s,159347
./tile2,0_K_part2__track1_13.m4s,103359
./tile2,0_K_part2__track1_14.m4s,94090
./tile2,0_K_part2__track1_15.m4s,102069
./tile2,0_K_part2__track1_16.m4s,94533
./tile2,0_K_part2__track1_17.m4s,102445
./tile2,0_K_part2__track1_18.m4s,103321
./tile2,0_K_part2__track1_19.m4s,136301
./tile2,0_K_part2__track1_2.m4s,245687
./tile2,0_K_part2__track1_20.m4s,123689
./tile2,0_K_part2__track1_21.m4s,139156
./tile2,0_K_part2__track1_22.m4s,123148
./tile2,0_K_part2__track1_23.m4s,108024
./tile2,0_K_part2__track1_24.m4s,226447
./tile2,0_K_part2__track1_25.m4s,276028
./tile2,0_K_part2__track1_26.m4s,266821
./tile2,0_K_part2__track1_27.m4s,259671
./tile2,0_K_part2__track1_28.m4s,261824
./tile2,0_K_part2__track1_29.m4s,272815
./tile2,0_K_part2__track1_3.m4s,263207
./tile2,0_K_part2__track1_30.m4s,251957
./tile2,0_K_part2__track1_31.m4s,268416
./tile2,0_K_part2__track1_32.m4s,271445
./tile2,0_K_part2__track1_33.m4s,284209
./tile2,0_K_part2__track1_34.m4s,274574
./tile2,0_K_part2__track1_35.m4s,254660
./tile2,0_K_part2__track1_36.m4s,164675
./tile2,0_K_part2__track1_37.m4s,83783
./tile2,0_K_part2__track1_38.m4s,101382
./tile2,0_K_part2__track1_39.m4s,94128
./tile2,0_K_part2__track1_4.m4s,274310
./tile2,0_K_part2__track1_40.m4s,84242
./tile2,0_K_part2__track1_41.m4s,75284
./tile2,0_K_part2__track1_42.m4s,93180
./tile2,0_K_part2__track1_43.m4s,83300
./tile2,0_K_part2__track1_44.m4s,57301
./tile2,0_K_part2__track1_45.m4s,74856
./tile2,0_K_part2__track1_46.m4s,63226
./tile2,0_K_part2__track1_47.m4s,87480
./tile2,0_K_part2__track1_48.m4s,102116
./tile2,0_K_part2__track1_49.m4s,88180
./tile2,0_K_part2__track1_5.m4s,234513
./tile2,0_K_part2__track1_50.m4s,212746
./tile2,0_K_part2__track1_51.m4s,234107
./tile2,0_K_part2__track1_52.m4s,239090
./tile2,0_K_part2__track1_53.m4s,233531
./tile2,0_K_part2__track1_54.m4s,220258
./tile2,0_K_part2__track1_55.m4s,212818
./tile2,0_K_part2__track1_56.m4s,250662
./tile2,0_K_part2__track1_57.m4s,263255
./tile2,0_K_part2__track1_58.m4s,276135
./tile2,0_K_part2__track1_59.m4s,247056
./tile2,0_K_part2__track1_6.m4s,243498
./tile2,0_K_part2__track1_60.m4s,224649
./tile2,0_K_part2__track1_61.m4s,219283
./tile2,0_K_part2__track1_62.m4s,231272
./tile2,0_K_part2__track1_63.m4s,119602
./tile2,0_K_part2__track1_64.m4s,3284
./tile2,0_K_part2__track1_65.m4s,3283
./tile2,0_K_part2__track1_66.m4s,74525
./tile2,0_K_part2__track1_67.m4s,99722
./tile2,0_K_part2__track1_68.m4s,92866
./tile2,0_K_part2__track1_69.m4s,99718
./tile2,0_K_part2__track1_7.m4s,247828
./tile2,0_K_part2__track1_70.m4s,93808
./tile2,0_K_part2__track1_71.m4s,99718
./tile2,0_K_part2__track1_72.m4s,93808
./tile2,0_K_part2__track1_73.m4s,99718
./tile2,0_K_part2__track1_74.m4s,93808
./tile2,0_K_part2__track1_75.m4s,99679
./tile2,0_K_part2__track1_76.m4s,85431
./tile2,0_K_part2__track1_8.m4s,247585
./tile2,0_K_part2__track1_9.m4s,270878
./tile2,1_K_part2__track1_1.m4s,248882
./tile2,1_K_part2__track1_10.m4s,208144
./tile2,1_K_part2__track1_11.m4s,197715
./tile2,1_K_part2__track1_12.m4s,166568
./tile2,1_K_part2__track1_13.m4s,122869
./tile2,1_K_part2__track1_14.m4s,105844
./tile2,1_K_part2__track1_15.m4s,121043
./tile2,1_K_part2__track1_16.m4s,121688
./tile1,1_K_part2__track1_35.m4s,314062
./tile1,1_K_part2__track1_36.m4s,309910
./tile1,1_K_part2__track1_37.m4s,262186
./tile1,1_K_part2__track1_38.m4s,265397
./tile1,1_K_part2__track1_39.m4s,266459
./tile1,1_K_part2__track1_4.m4s,248965
./tile1,1_K_part2__track1_40.m4s,245662
./tile1,1_K_part2__track1_41.m4s,252015
./tile1,1_K_part2__track1_42.m4s,257445
./tile1,1_K_part2__track1_43.m4s,250899
./tile1,1_K_part2__track1_44.m4s,234088
./tile1,1_K_part2__track1_45.m4s,250264
./tile1,1_K_part2__track1_46.m4s,250799
./tile1,1_K_part2__track1_47.m4s,225680
./tile1,1_K_part2__track1_48.m4s,250998
./tile1,1_K_part2__track1_49.m4s,242837
./tile1,1_K_part2__track1_5.m4s,201945
./tile1,1_K_part2__track1_50.m4s,269298
./tile1,1_K_part2__track1_51.m4s,256950
./tile1,1_K_part2__track1_52.m4s,286631
./tile1,1_K_part2__track1_53.m4s,274707
./tile1,1_K_part2__track1_54.m4s,289656
./tile1,1_K_part2__track1_55.m4s,267906
./tile1,1_K_part2__track1_56.m4s,297139
./tile1,1_K_part2__track1_57.m4s,296115
./tile1,1_K_part2__track1_58.m4s,293297
./tile1,1_K_part2__track1_59.m4s,285898
./tile1,1_K_part2__track1_6.m4s,215238
./tile1,1_K_part2__track1_60.m4s,266873
./tile1,1_K_part2__track1_61.m4s,261277
./tile1,1_K_part2__track1_62.m4s,258716
./tile1,1_K_part2__track1_63.m4s,150471
./tile1,1_K_part2__track1_64.m4s,18303
./tile1,1_K_part2__track1_65.m4s,18015
./tile1,1_K_part2__track1_66.m4s,282084
./tile1,1_K_part2__track1_67.m4s,325977
./tile1,1_K_part2__track1_68.m4s,325834
./tile1,1_K_part2__track1_69.m4s,325715
./tile1,1_K_part2__track1_7.m4s,230610
./tile1,1_K_part2__track1_70.m4s,325715
./tile1,1_K_part2__track1_71.m4s,325715
./tile1,1_K_part2__track1_72.m4s,325715
./tile1,1_K_part2__track1_73.m4s,325710
./tile1,1_K_part2__track1_74.m4s,325696
./tile1,1_K_part2__track1_75.m4s,325953
./tile1,1_K_part2__track1_76.m4s,303398
./tile1,1_K_part2__track1_8.m4s,217232
./tile1,1_K_part2__track1_9.m4s,230646
./tile1,2_K_part2__track1_1.m4s,190425
./tile1,2_K_part2__track1_10.m4s,176399
./tile1,2_K_part2__track1_11.m4s,171409
./tile1,2_K_part2__track1_12.m4s,184060
./tile1,2_K_part2__track1_13.m4s,170668
./tile1,2_K_part2__track1_14.m4s,146236
./tile1,2_K_part2__track1_15.m4s,172848
./tile1,2_K_part2__track1_16.m4s,156401
./tile1,2_K_part2__track1_17.m4s,177053
./tile1,2_K_part2__track1_18.m4s,156738
./tile1,2_K_part2__track1_19.m4s,236440
./tile1,2_K_part2__track1_2.m4s,154341
./tile1,2_K_part2__track1_20.m4s,182224
./tile1,2_K_part2__track1_21.m4s,198613
./tile1,2_K_part2__track1_22.m4s,194784
./tile1,2_K_part2__track1_23.m4s,171051
./tile1,2_K_part2__track1_24.m4s,205490
./tile1,2_K_part2__track1_25.m4s,215657
./tile1,2_K_part2__track1_26.m4s,205044
./tile1,2_K_part2__track1_27.m4s,191871
./tile1,2_K_part2__track1_28.m4s,192818
./tile1,2_K_part2__track1_29.m4s,202601
./tile1,2_K_part2__track1_3.m4s,172614
./tile1,2_K_part2__track1_30.m4s,189197
./tile1,2_K_part2__track1_31.m4s,212251
./tile1,2_K_part2__track1_32.m4s,191779
./tile1,2_K_part2__track1_33.m4s,202967
./tile1,2_K_part2__track1_34.m4s,213708
./tile1,2_K_part2__track1_35.m4s,193518
./tile1,2_K_part2__track1_36.m4s,165409
./tile1,2_K_part2__track1_37.m4s,132717
./tile1,2_K_part2__track1_38.m4s,135495
./tile1,2_K_part2__track1_39.m4s,130705
./tile1,2_K_part2__track1_4.m4s,198101
./tile1,2_K_part2__track1_40.m4s,114974
./tile1,2_K_part2__track1_41.m4s,124563
./tile1,2_K_part2__track1_42.m4s,124943
./tile1,2_K_part2__track1_43.m4s,126054
./tile1,2_K_part2__track1_44.m4s,120594
./tile1,2_K_part2__track1_45.m4s,117039
./tile1,2_K_part2__track1_46.m4s,123166
./tile1,2_K_part2__track1_47.m4s,121138
./tile1,2_K_part2__track1_48.m4s,136094
./tile1,2_K_part2__track1_49.m4s,131278
./tile1,2_K_part2__track1_5.m4s,165914
./tile1,2_K_part2__track1_50.m4s,250963
./tile1,2_K_part2__track1_51.m4s,253458
./tile1,2_K_part2__track1_52.m4s,266372
./tile1,2_K_part2__track1_53.m4s,256633
./tile1,2_K_part2__track1_54.m4s,290885
./tile1,2_K_part2__track1_55.m4s,258908
./tile1,2_K_part2__track1_56.m4s,268590
./tile1,2_K_part2__track1_57.m4s,279996
./tile1,2_K_part2__track1_58.m4s,268275
./tile1,2_K_part2__track1_59.m4s,293897
./tile1,2_K_part2__track1_6.m4s,161902
./tile1,0_K_part2__track1_1.m4s,319003
./tile1,0_K_part2__track1_10.m4s,286273
./tile1,0_K_part2__track1_11.m4s,290687
./tile1,0_K_part2__track1_12.m4s,143648
./tile1,0_K_part2__track1_13.m4s,65082
./tile1,0_K_part2__track1_14.m4s,54937
./tile1,0_K_part2__track1_15.m4s,65051
./tile1,0_K_part2__track1_16.m4s,59340
./tile1,0_K_part2__track1_17.m4s,63268
./tile1,0_K_part2__track1_18.m4s,56725
./tile1,0_K_part2__track1_19.m4s,99900
./tile1,0_K_part2__track1_2.m4s,275942
./tile1,0_K_part2__track1_20.m4s,89031
./tile1,0_K_part2__track1_21.m4s,117514
./tile1,0_K_part2__track1_22.m4s,100746
./tile1,0_K_part2__track1_23.m4s,71331
./tile1,0_K_part2__track1_24.m4s,52072
./tile1,0_K_part2__track1_25.m4s,54855
./tile1,0_K_part2__track1_26.m4s,52217
./tile1,0_K_part2__track1_27.m4s,56681
./tile1,0_K_part2__track1_28.m4s,51929
./tile1,0_K_part2__track1_29.m4s,56652
./tile1,0_K_part2__track1_3.m4s,291194
./tile1,0_K_part2__track1_30.m4s,52775
./tile1,0_K_part2__track1_31.m4s,48213
./tile1,0_K_part2__track1_32.m4s,54383
./tile1,0_K_part2__track1_33.m4s,57305
./tile1,0_K_part2__track1_34.m4s,54423
./tile1,0_K_part2__track1_35.m4s,53029
./tile1,0_K_part2__track1_36.m4s,110786
./tile1,0_K_part2__track1_37.m4s,150158
./tile1,0_K_part2__track1_38.m4s,150076
./tile1,0_K_part2__track1_39.m4s,143732
./tile1,0_K_part2__track1_4.m4s,303957
./tile1,0_K_part2__track1_40.m4s,135016
./tile1,0_K_part2__track1_41.m4s,133816
./tile1,0_K_part2__track1_42.m4s,136016
./tile1,0_K_part2__track1_43.m4s,135208
./tile1,0_K_part2__track1_44.m4s,115680
./tile1,0_K_part2__track1_45.m4s,137237
./tile1,0_K_part2__track1_46.m4s,126764
./tile1,0_K_part2__track1_47.m4s,131105
./tile1,0_K_part2__track1_48.m4s,148818
./tile1,0_K_part2__track1_49.m4s,133075
./tile1,0_K_part2__track1_5.m4s,269860
./tile1,0_K_part2__track1_50.m4s,201606
./tile1,0_K_part2__track1_51.m4s,220763
./tile1,0_K_part2__track1_52.m4s,229513
./tile1,0_K_part2__track1_53.m4s,211870
./tile1,0_K_part2__track1_54.m4s,220351
./tile1,0_K_part2__track1_55.m4s,224934
./tile1,0_K_part2__track1_56.m4s,234541
./tile1,0_K_part2__track1_57.m4s,251115
./tile1,0_K_part2__track1_58.m4s,242625
./tile1,0_K_part2__track1_59.m4s,227545
./tile1,0_K_part2__track1_6.m4s,283110
./tile1,0_K_part2__track1_60.m4s,197506
./tile1,0_K_part2__track1_61.m4s,201923
./tile1,0_K_part2__track1_62.m4s,208038
./tile1,0_K_part2__track1_63.m4s,111464
./tile1,0_K_part2__track1_64.m4s,3328
./tile1,0_K_part2__track1_65.m4s,3318
./tile1,0_K_part2__track1_66.m4s,74523
./tile1,0_K_part2__track1_67.m4s,105236
./tile1,0_K_part2__track1_68.m4s,92357
./tile1,0_K_part2__track1_69.m4s,105236
./tile1,0_K_part2__track1_7.m4s,280100
./tile1,0_K_part2__track1_70.m4s,92357
./tile1,0_K_part2__track1_71.m4s,105236
./tile1,0_K_part2__track1_72.m4s,92517
./tile1,0_K_part2__track1_73.m4s,104823
./tile1,0_K_part2__track1_74.m4s,93777
./tile1,0_K_part2__track1_75.m4s,104558
./tile1,0_K_part2__track1_76.m4s,83406
./tile1,0_K_part2__track1_8.m4s,278378
./tile1,0_K_part2__track1_9.m4s,304186
./tile1,1_K_part2__track1_1.m4s,282933
./tile1,1_K_part2__track1_10.m4s,226345
./tile1,1_K_part2__track1_11.m4s,211756
./tile1,1_K_part2__track1_12.m4s,222934
./tile1,1_K_part2__track1_13.m4s,202888
./tile1,1_K_part2__track1_14.m4s,174575
./tile1,1_K_part2__track1_15.m4s,201709
./tile1,1_K_part2__track1_16.m4s,182527
./tile1,1_K_part2__track1_17.m4s,201568
./tile1,1_K_part2__track1_18.m4s,185395
./tile1,1_K_part2__track1_19.m4s,238575
./tile1,1_K_part2__track1_2.m4s,220902
./tile1,1_K_part2__track1_20.m4s,253804
./tile1,1_K_part2__track1_21.m4s,325066
./tile1,1_K_part2__track1_22.m4s,281471
./tile1,1_K_part2__track1_23.m4s,211511
./tile1,1_K_part2__track1_24.m4s,291407
./tile1,1_K_part2__track1_25.m4s,345493
./tile1,1_K_part2__track1_26.m4s,347479
./tile1,1_K_part2__track1_27.m4s,323382
./tile1,1_K_part2__track1_28.m4s,329063
./tile1,1_K_part2__track1_29.m4s,351657
./tile1,1_K_part2__track1_3.m4s,222454
./tile1,1_K_part2__track1_30.m4s,333796
./tile1,1_K_part2__track1_31.m4s,335739
./tile1,1_K_part2__track1_32.m4s,321670
./tile1,1_K_part2__track1_33.m4s,351165
./tile1,1_K_part2__track1_34.m4s,343953
./tile0,1_K_part2__track1_53.m4s,305544
./tile0,1_K_part2__track1_54.m4s,316963
./tile0,1_K_part2__track1_55.m4s,315391
./tile0,1_K_part2__track1_56.m4s,310222
./tile0,1_K_part2__track1_57.m4s,330554
./tile0,1_K_part2__track1_58.m4s,346136
./tile0,1_K_part2__track1_59.m4s,337670
./tile0,1_K_part2__track1_6.m4s,227099
./tile0,1_K_part2__track1_60.m4s,329166
./tile0,1_K_part2__track1_61.m4s,321881
./tile0,1_K_part2__track1_62.m4s,313954
./tile0,1_K_part2__track1_63.m4s,174602
./tile0,1_K_part2__track1_64.m4s,11475
./tile0,1_K_part2__track1_65.m4s,11052
./tile0,1_K_part2__track1_66.m4s,273737
./tile0,1_K_part2__track1_67.m4s,322626
./tile0,1_K_part2__track1_68.m4s,322813
./tile0,1_K_part2__track1_69.m4s,322813
./tile0,1_K_part2__track1_7.m4s,234347
./tile0,1_K_part2__track1_70.m4s,322813
./tile0,1_K_part2__track1_71.m4s,322842
./tile0,1_K_part2__track1_72.m4s,322842
./tile0,1_K_part2__track1_73.m4s,322842
./tile0,1_K_part2__track1_74.m4s,322842
./tile0,1_K_part2__track1_75.m4s,322669
./tile0,1_K_part2__track1_76.m4s,299586
./tile0,1_K_part2__track1_8.m4s,222020
./tile0,1_K_part2__track1_9.m4s,243731
./tile0,2_K_part2__track1_1.m4s,193920
./tile0,2_K_part2__track1_10.m4s,167955
./tile0,2_K_part2__track1_11.m4s,165399
./tile0,2_K_part2__track1_12.m4s,139992
./tile0,2_K_part2__track1_13.m4s,103093
./tile0,2_K_part2__track1_14.m4s,99232
./tile0,2_K_part2__track1_15.m4s,113172
./tile0,2_K_part2__track1_16.m4s,107056
./tile0,2_K_part2__track1_17.m4s,105885
./tile0,2_K_part2__track1_18.m4s,106118
./tile0,2_K_part2__track1_19.m4s,125804
./tile0,2_K_part2__track1_2.m4s,156693
./tile0,2_K_part2__track1_20.m4s,123295
./tile0,2_K_part2__track1_21.m4s,132317
./tile0,2_K_part2__track1_22.m4s,134846
./tile0,2_K_part2__track1_23.m4s,115368
./tile0,2_K_part2__track1_24.m4s,168025
./tile0,2_K_part2__track1_25.m4s,195871
./tile0,2_K_part2__track1_26.m4s,183543
./tile0,2_K_part2__track1_27.m4s,181731
./tile0,2_K_part2__track1_28.m4s,185201
./tile0,2_K_part2__track1_29.m4s,181801
./tile0,2_K_part2__track1_3.m4s,164026
./tile0,2_K_part2__track1_30.m4s,174643
./tile0,2_K_part2__track1_31.m4s,187181
./tile0,2_K_part2__track1_32.m4s,193031
./tile0,2_K_part2__track1_33.m4s,188976
./tile0,2_K_part2__track1_34.m4s,192804
./tile0,2_K_part2__track1_35.m4s,171448
./tile0,2_K_part2__track1_36.m4s,159278
./tile0,2_K_part2__track1_37.m4s,125226
./tile0,2_K_part2__track1_38.m4s,134073
./tile0,2_K_part2__track1_39.m4s,122594
./tile0,2_K_part2__track1_4.m4s,176069
./tile0,2_K_part2__track1_40.m4s,114170
./tile0,2_K_part2__track1_41.m4s,111450
./tile0,2_K_part2__track1_42.m4s,118715
./tile0,2_K_part2__track1_43.m4s,113655
./tile0,2_K_part2__track1_44.m4s,114206
./tile0,2_K_part2__track1_45.m4s,106392
./tile0,2_K_part2__track1_46.m4s,111394
./tile0,2_K_part2__track1_47.m4s,114720
./tile0,2_K_part2__track1_48.m4s,126190
./tile0,2_K_part2__track1_49.m4s,119460
./tile0,2_K_part2__track1_5.m4s,155366
./tile0,2_K_part2__track1_50.m4s,206868
./tile0,2_K_part2__track1_51.m4s,205205
./tile0,2_K_part2__track1_52.m4s,208356
./tile0,2_K_part2__track1_53.m4s,199148
./tile0,2_K_part2__track1_54.m4s,228768
./tile0,2_K_part2__track1_55.m4s,206086
./tile0,2_K_part2__track1_56.m4s,211086
./tile0,2_K_part2__track1_57.m4s,218271
./tile0,2_K_part2__track1_58.m4s,213614
./tile0,2_K_part2__track1_59.m4s,225508
./tile0,2_K_part2__track1_6.m4s,158970
./tile0,2_K_part2__track1_60.m4s,211907
./tile0,2_K_part2__track1_61.m4s,191896
./tile0,2_K_part2__track1_62.m4s,194371
./tile0,2_K_part2__track1_63.m4s,117795
./tile0,2_K_part2__track1_64.m4s,3283
./tile0,2_K_part2__track1_65.m4s,3282
./tile0,2_K_part2__track1_66.m4s,359856
./tile0,2_K_part2__track1_67.m4s,430791
./tile0,2_K_part2__track1_68.m4s,421455
./tile0,2_K_part2__track1_69.m4s,421097
./tile0,2_K_part2__track1_7.m4s,166966
./tile0,2_K_part2__track1_70.m4s,426125
./tile0,2_K_part2__track1_71.m4s,414688
./tile0,2_K_part2__track1_72.m4s,414688
./tile0,2_K_part2__track1_73.m4s,414688
./tile0,2_K_part2__track1_74.m4s,414688
./tile0,2_K_part2__track1_75.m4s,414620
./tile0,2_K_part2__track1_76.m4s,380836
./tile0,2_K_part2__track1_8.m4s,159330
./tile0,2_K_part2__track1_9.m4s,170070
./tile0,0_K_part2__track1_28.m4s,148464
./tile0,0_K_part2__track1_29.m4s,156083
./tile0,0_K_part2__track1_3.m4s,290154
./tile0,0_K_part2__track1_30.m4s,148943
./tile0,0_K_part2__track1_31.m4s,155933
./tile0,0_K_part2__track1_32.m4s,145654
./tile0,0_K_part2__track1_33.m4s,160808
./tile0,0_K_part2__track1_34.m4s,160757
./tile0,0_K_part2__track1_35.m4s,146798
./tile0,0_K_part2__track1_36.m4s,129986
./tile0,0_K_part2__track1_37.m4s,116092
./tile0,0_K_part2__track1_38.m4s,127002
./tile0,0_K_part2__track1_39.m4s,113775
./tile0,0_K_part2__track1_4.m4s,305833
./tile0,0_K_part2__track1_40.m4s,120783
./tile0,0_K_part2__track1_41.m4s,103238
./tile0,0_K_part2__track1_42.m4s,112346
./tile0,0_K_part2__track1_43.m4s,106484
./tile0,0_K_part2__track1_44.m4s,92717
./tile0,0_K_part2__track1_45.m4s,111226
./tile0,0_K_part2__track1_46.m4s,97725
./tile0,0_K_part2__track1_47.m4s,112119
./tile0,0_K_part2__track1_48.m4s,123194
./tile0,0_K_part2__track1_49.m4s,109971
./tile0,0_K_part2__track1_5.m4s,270252
./tile0,0_K_part2__track1_50.m4s,182943
./tile0,0_K_part2__track1_51.m4s,176680
./tile0,0_K_part2__track1_52.m4s,178320
./tile0,0_K_part2__track1_53.m4s,167718
./tile0,0_K_part2__track1_54.m4s,174174
./tile0,0_K_part2__track1_55.m4s,175148
./tile0,0_K_part2__track1_56.m4s,182770
./tile0,0_K_part2__track1_57.m4s,197475
./tile0,0_K_part2__track1_58.m4s,198660
./tile0,0_K_part2__track1_59.m4s,182478
./tile0,0_K_part2__track1_6.m4s,279312
./tile0,0_K_part2__track1_60.m4s,160630
./tile0,0_K_part2__track1_61.m4s,155783
./tile0,0_K_part2__track1_62.m4s,164443
./tile0,0_K_part2__track1_63.m4s,91095
./tile0,0_K_part2__track1_64.m4s,3327
./tile0,0_K_part2__track1_65.m4s,3320
./tile0,0_K_part2__track1_66.m4s,100876
./tile0,0_K_part2__track1_67.m4s,138980
./tile0,0_K_part2__track1_68.m4s,129266
./tile0,0_K_part2__track1_69.m4s,138980
./tile0,0_K_part2__track1_7.m4s,281815
./tile0,0_K_part2__track1_70.m4s,129266
./tile0,0_K_part2__track1_71.m4s,138980
./tile0,0_K_part2__track1_72.m4s,129266
./tile0,0_K_part2__track1_73.m4s,138980
./tile0,0_K_part2__track1_74.m4s,129266
./tile0,0_K_part2__track1_75.m4s,138648
./tile0,0_K_part2__track1_76.m4s,117239
./tile0,0_K_part2__track1_8.m4s,282039
./tile0,0_K_part2__track1_9.m4s,297050
./tile0,1_K_part2__track1_1.m4s,272449
./tile0,1_K_part2__track1_10.m4s,235867
./tile0,1_K_part2__track1_11.m4s,233298
./tile0,1_K_part2__track1_12.m4s,186205
./tile0,1_K_part2__track1_13.m4s,138527
./tile0,1_K_part2__track1_14.m4s,115878
./tile0,1_K_part2__track1_15.m4s,137080
./tile0,1_K_part2__track1_16.m4s,127737
./tile0,1_K_part2__track1_17.m4s,136245
./tile0,1_K_part2__track1_18.m4s,120860
./tile0,1_K_part2__track1_19.m4s,153224
./tile0,1_K_part2__track1_2.m4s,234702
./tile0,1_K_part2__track1_20.m4s,146968
./tile0,1_K_part2__track1_21.m4s,186133
./tile0,1_K_part2__track1_22.m4s,159741
./tile0,1_K_part2__track1_23.m4s,136230
./tile0,1_K_part2__track1_24.m4s,227082
./tile0,1_K_part2__track1_25.m4s,293919
./tile0,1_K_part2__track1_26.m4s,273909
./tile0,1_K_part2__track1_27.m4s,261648
./tile0,1_K_part2__track1_28.m4s,270848
./tile0,1_K_part2__track1_29.m4s,271630
./tile0,1_K_part2__track1_3.m4s,242430
./tile0,1_K_part2__track1_30.m4s,265377
./tile0,1_K_part2__track1_31.m4s,267140
./tile0,1_K_part2__track1_32.m4s,286186
./tile0,1_K_part2__track1_33.m4s,284299
./tile0,1_K_part2__track1_34.m4s,274619
./tile0,1_K_part2__track1_35.m4s,253158
./tile0,1_K_part2__track1_36.m4s,241885
./tile0,1_K_part2__track1_37.m4s,188327
./tile0,1_K_part2__track1_38.m4s,185275
./tile0,1_K_part2__track1_39.m4s,177844
./tile0,1_K_part2__track1_4.m4s,262349
./tile0,1_K_part2__track1_40.m4s,169543
./tile0,1_K_part2__track1_41.m4s,175316
./tile0,1_K_part2__track1_42.m4s,185541
./tile0,1_K_part2__track1_43.m4s,181202
./tile0,1_K_part2__track1_44.m4s,164075
./tile0,1_K_part2__track1_45.m4s,168701
./tile0,1_K_part2__track1_46.m4s,174737
./tile0,1_K_part2__track1_47.m4s,162728
./tile0,1_K_part2__track1_48.m4s,178461
./tile0,1_K_part2__track1_49.m4s,173812
./tile0,1_K_part2__track1_5.m4s,221902
./tile0,1_K_part2__track1_50.m4s,274066
./tile0,1_K_part2__track1_51.m4s,299363
./tile0,1_K_part2__track1_52.m4s,314364
./audio_K_part2_1.m4s,39275
./audio_K_part2_10.m4s,39275
./audio_K_part2_11.m4s,39275
./audio_K_part2_12.m4s,39276
./audio_K_part2_13.m4s,39275
./audio_K_part2_14.m4s,39357
./audio_K_part2_15.m4s,39194
./audio_K_part2_16.m4s,39275
./audio_K_part2_17.m4s,39275
./audio_K_part2_18.m4s,39385
./audio_K_part2_19.m4s,39166
./audio_K_part2_2.m4s,39275
./audio_K_part2_20.m4s,39275
./audio_K_part2_21.m4s,39276
./audio_K_part2_22.m4s,39275
./audio_K_part2_23.m4s,39275
./audio_K_part2_24.m4s,39276
./audio_K_part2_25.m4s,39314
./audio_K_part2_26.m4s,39236
./audio_K_part2_27.m4s,39276
./audio_K_part2_28.m4s,39275
./audio_K_part2_29.m4s,39406
./audio_K_part2_3.m4s,39336
./audio_K_part2_30.m4s,39145
./audio_K_part2_31.m4s,39275
./audio_K_part2_32.m4s,39275
./audio_K_part2_33.m4s,39276
./audio_K_part2_34.m4s,39275
./audio_K_part2_35.m4s,39275
./audio_K_part2_36.m4s,39299
./audio_K_part2_37.m4s,39252
./audio_K_part2_38.m4s,39275
./audio_K_part2_39.m4s,39276
./audio_K_part2_4.m4s,39215
./audio_K_part2_40.m4s,39289
./audio_K_part2_41.m4s,39261
./audio_K_part2_42.m4s,39276
./audio_K_part2_43.m4s,39275
./audio_K_part2_44.m4s,39275
./audio_K_part2_45.m4s,39276
./audio_K_part2_46.m4s,39275
./audio_K_part2_47.m4s,39275
./audio_K_part2_48.m4s,39276
./audio_K_part2_49.m4s,39296
./audio_K_part2_5.m4s,39275
./audio_K_part2_50.m4s,39254
./audio_K_part2_51.m4s,39320
./audio_K_part2_52.m4s,39231
./audio_K_part2_53.m4s,39275
./audio_K_part2_54.m4s,39276
./audio_K_part2_55.m4s,39275
./audio_K_part2_56.m4s,39275
./audio_K_part2_57.m4s,39276
./audio_K_part2_58.m4s,39275
./audio_K_part2_59.m4s,39275
./audio_K_part2_6.m4s,39276
./audio_K_part2_60.m4s,39276
./audio_K_part2_61.m4s,39275
./audio_K_part2_62.m4s,39307
./audio_K_part2_63.m4s,39244
./audio_K_part2_64.m4s,39275
./audio_K_part2_65.m4s,39275
./audio_K_part2_66.m4s,39276
./audio_K_part2_67.m4s,39275
./audio_K_part2_68.m4s,39275
./audio_K_part2_69.m4s,39276
./audio_K_part2_7.m4s,39275
./audio_K_part2_70.m4s,39275
./audio_K_part2_71.m4s,39275
./audio_K_part2_72.m4s,39276
./audio_K_part2_73.m4s,39275
./audio_K_part2_74.m4s,39275
./audio_K_part2_75.m4s,39276
./audio_K_part2_76.m4s,39275
./audio_K_part2_77.m4s,40130
./audio_K_part2_8.m4s,39275
./audio_K_part2_9.m4s,39276
./audio_K_part2_init.mp4,828
./manifest.mpd,94230
./manifest_set1_init.mp4,760
./manifest_set2_init.mp4,752
./manifest_set3_init.mp4,752
./manifest_set4_init.mp4,752
./manifest_set5_init.mp4,752
./manifest_set6_init.mp4,752
./manifest_set7_init.mp4,752
./manifest_set8_init.mp4,752
./manifest_set9_init.mp4,752
./tile0,0_K_part2__track1_1.m4s,304966
./tile0,0_K_part2__track1_10.m4s,285761
./tile0,0_K_part2__track1_11.m4s,294476
./tile0,0_K_part2__track1_12.m4s,174399
./tile0,0_K_part2__track1_13.m4s,104175
./tile0,0_K_part2__track1_14.m4s,90894
./tile0,0_K_part2__track1_15.m4s,103342
./tile0,0_K_part2__track1_16.m4s,96930
./tile0,0_K_part2__track1_17.m4s,110528
./tile0,0_K_part2__track1_18.m4s,96284
./tile0,0_K_part2__track1_19.m4s,127752
./tile0,0_K_part2__track1_2.m4s,271772
./tile0,0_K_part2__track1_20.m4s,117954
./tile0,0_K_part2__track1_21.m4s,136490
./tile0,0_K_part2__track1_22.m4s,119119
./tile0,0_K_part2__track1_23.m4s,104904
./tile0,0_K_part2__track1_24.m4s,139615
./tile0,0_K_part2__track1_25.m4s,163062
./tile0,0_K_part2__track1_26.m4s,155325
./tile0,0_K_part2__track1_27.m4s,153119
