"Timestamp","User ID","Group ID","Content name","Content type ID","Which half of the experiment has been conducted? ","Avez-vous vu la femme ouvrir la porte de la salle de conférence ?","Avez-vous vu l'homme entrant dans la salle de conférence ?","Avez-vous vu la piscine ? Et le bar ?","Avez-vous vu le Jacuzzi ?","Content type ID","Which half of the experiment has just been conducted? ","Avez-vous vu l'homme devenir invisible ?","Avez-vous vu l'homme invisible jetant l'écran à l'hopital ?","Avez-vous vu la table de ping pong dans l'appartement ?","Avez-vous vu l'homme redevenir visible dans les cuisines ?","Comment évaluriez-vous l'experience visuelle globale ?","Avez-vous remarquez des pauses dans la vidéo ?","Si oui, à quel point ont-ils eu un impact sur votre expérience ?","Avez-vous remarquez, sur une même image, des zones de différentes qualités ?","Si oui, à quel point cela a-t-il impacté votre expérience ?","Avez-vous remarqué des changements de qualité de la vidéo dans le temps ?","Si oui, à quel point cela a impacter votre expérience ?","A quel point vous êtes senti immergé dans l'environnement de la vidéo ?","Avez-vous ressenti des gênes pendant le visionnage ?","Si oui, était-ce lié à une scene en particulier ?","Quelle scène ?","Quels types de gênes avez-vous eu ?","Avez-vous envisager d'arrêter l'expérience à un moment ?","Avez-vous eu l'impression de devoir trop bouger la tête pour suivre la vidéo ?","Avez-vous remarquez des moments où la caméra a effectuer une rotation alors que vous n'aviez pas bougé la tête ?","Si oui, cela vous a-t-il gêné ?","Etiez vous intéressé par le contenu de la vidéo ?","Avez-vous eu l'impression d'être limité dans votre capacité à explorer l'espace ?","Si oui, pourquoi ?"
"2017/10/27 3:48:50 PM GMT+1","1","0","Invisible","","","","","","","S","Part 1","Yes","Yes","","","5","Yes","2","Yes","2","No","","5","Yes","Yes","lavabo","Gêne dénérale","No","No","No","","4","5",""
"2017/10/27 3:56:26 PM GMT+1","1","0","Invisible","","","","","","","D","Part 2","","","Yes","Yes","3","Yes","3","No","","Yes","2","3","No","","","","No","No","Yes","4","5","5",""
"2017/10/30 9:31:20 AM GMT+1","2","0","Hotel","S","Part 1","Yes","No","","","","","","","","","4","No","","No","","No","","3","No","","","","No","No","No","","3","2","manque de pouvoir se déplacer dans la scène"
"2017/10/30 9:36:41 AM GMT+1","2","0","Hotel","D","Part 2","","","Yes","Yes","","","","","","","3","Yes","3","No","","Yes","4","4","No","","","","No","No","Yes","5","3","3","manque déplacement dans la scène"
"2017/10/30 10:20:14 AM GMT+1","3","0","Invisible","","","","","","","D","Part 1","Yes","Yes","","","4","Yes","4","No","","Yes","2","4","No","","","","No","Yes","No","","5","5",""
"2017/10/30 10:26:10 AM GMT+1","3","0","Invisible","","","","","","","S","Part 2","","","Yes","Yes","4","No","","Yes","5","No","","5","Yes","Yes","bagarre restaurant","Vertiges","No","Yes","No","","5","5",""
"2017/10/30 10:53:58 AM GMT+1","4","0","Hotel","D","Part 1","Yes","No","","","","","","","","","4","No","","No","","No","","4","No","","","","No","No","Yes","3","4","5",""
"2017/10/30 11:00:06 AM GMT+1","4","0","Hotel","S","Part 2","","","Yes","Yes","","","","","","","4","No","","No","","No","","5","No","No","","","No","No","No","","4","5",""
"2017/10/30 2:47:23 PM GMT+1","5","0","Invisible","","","","","","","S","Part 1","Yes","Yes","","","3","Yes","3","No","","No","","3","Yes","No","surtout au début le temps de s'habituer","Nausés","No","No","No","","3","4","Envie de se déplacer dans la scène"
"2017/10/30 2:54:44 PM GMT+1","5","0","Invisible","","","","","","","D","Part 2","","","Yes","Yes","3","No","","No","","Yes","4","4","No","","","","No","Yes","Yes","5","4","4",""
"2017/10/30 3:37:09 PM GMT+1","6","0","Hotel","S","Part 1","No","No","","","","","","","","","3","No","","No","","No","","4","No","","","","No","No","No","","2","5","Manque la possibilité de bouger dans la scène ou faire bouger la caméra (pour entrer dans une porte par exemple)"
"2017/10/30 3:43:03 PM GMT+1","6","0","Hotel","D","Part 2","","","Yes","Yes","","","","","","","4","Yes","3","No","","No","","4","No","","","","No","No","No","","2","3","pas de déplacement dans les scènes"
"2017/10/30 4:26:19 PM GMT+1","7","0","Invisible","","","","","","","D","Part 1","Yes","Yes","","","4","Yes","4","No","","No","","5","No","","","","No","Yes","No","","4","4",""
"2017/10/30 4:35:56 PM GMT+1","7","0","Invisible","","","","","","","S","Part 2","","","No","Yes","5","Yes","5","No","","Yes","4","5","No","","","","No","Yes","No","","4","5",""
"2017/10/31 9:13:04 AM GMT+1","8","0","Hotel","D","Part 1","Yes","Yes","","","","","","","","","5","Yes","5","No","","No","","3","No","","","","No","No","Yes","3","5","5",""
"2017/10/31 9:22:00 AM GMT+1","8","0","Hotel","S","Part 2","","","Yes","Yes","","","","","","","4","Yes","5","No","","No","","3","No","","","","No","Yes","No","","5","5",""
"2017/10/31 10:06:08 AM GMT+1","9","0","Invisible","","","","","","","S","Part 1","Yes","Yes","","","4","Yes","4","No","","Yes","4","5","No","","","","No","No","No","","4","5",""
"2017/10/31 10:13:53 AM GMT+1","9","0","Invisible","","","","","","","D","Part 2","","","No","Yes","2","No","","No","","Yes","4","5","No","","","","No","Yes","No","","4","5",""
"2017/10/31 10:47:25 AM GMT+1","10","0","Hotel","S","Part 1","Yes","No","","","","","","","","","4","No","","No","","No","","2","Yes","No","","Gêne dénérale;Vertiges","No","No","No","","4","4","à cause des vertiges"
"2017/10/31 10:53:54 AM GMT+1","10","0","Hotel","D","Part 2","","","Yes","Yes","","","","","","","4","No","","No","","No","","3","Yes","","","Gêne dénérale;Vertiges","No","No","Yes","5","4","4","peut pas déplacer les pieds à cause de la sensation de vertige / malaise"
"2017/10/31 11:55:41 AM GMT+1","11","0","Invisible","","","","","","","D","Part 1","Yes","Yes","","","4","Yes","2","No","","Yes","4","2","No","","","","No","No","Yes","2","4","2","Limiter à explorer l'espace (pas de choix de changer de pièce par exemple ou de regarder autre chose que l'action) mais pas gênant pour ce contenu."
"2017/10/31 12:16:29 PM GMT+1","11","0","Invisible","","","","","","","S","Part 2","","","No","Yes","2","Yes","4","Yes","1","Yes","2","3","No","","","","No","No","Yes","2","4","1","Trop de mouvements, de changements de scènes.Trop de contenu pour pouvoir explorer. Mais pas gênant pour le suivi du contenu. Bagarre salon plus cuisine, pas de possibilité de passer de l'un à l'autre volontairement. Tellement de choses sur la scène qu'on ne se demande pas ce qu'il se passe ailleur (pas le temps)"
"2017/10/31 2:04:55 PM GMT+1","12","0","Hotel","D","Part 1","Yes","Yes","","","","","","","","","2","Yes","4","No","","No","","3","No","","","","No","No","No","","3","5",""
"2017/10/31 2:13:41 PM GMT+1","12","0","Hotel","S","Part 2","","","Yes","No","","","","","","","2","Yes","4","No","","No","","3","No","","","","No","No","No","","3","5",""
"2017/10/31 3:04:21 PM GMT+1","13","0","Invisible","","","","","","","S","Part 1","Yes","Yes","","","3","Yes","4","No","","Yes","5","5","Yes","Yes","hopital mouvement de caméra","Vertiges","No","No","No","","4","4","Scène courte pas de possibilité d'explorer complètement. Pas gênant pour le contenu."
"2017/10/31 3:14:08 PM GMT+1","13","0","Invisible","","","","","","","D","Part 2","","","Yes","Yes","3","Yes","5","Yes","4","Yes","3","5","No","","","","No","No","Yes","5","4","4",""
"2017/10/31 4:17:50 PM GMT+1","14","0","Hotel","D","Part 1","Yes","Yes","","","","","","","","","4","No","","No","","No","","4","No","","","","No","Yes","No","","3","4","Pas de possibilité de se déplacer dans la scène"
"2017/10/31 4:23:40 PM GMT+1","14","0","Hotel","S","Part 2","","","Yes","Yes","","","","","","","5","No","","No","","No","","5","No","","","","No","No","No","","4","4","Déplacements dans la scène impossibles"
"2017/11/02 9:58:45 AM GMT+1","15","0","Hotel","S","Part 1","Yes","Yes","","","","","","","","","4","No","","No","","Yes","5","5","No","","","","No","No","Yes","4","5","5",""
"2017/11/02 10:23:15 AM GMT+1","15","0","Hotel","D","Part 2","","","No","No","","","","","","","4","No","","No","","No","","5","No","","","","No","No","Yes","4","5","5",""
"2017/11/02 11:25:28 AM GMT+1","16","0","Invisible","","","","","","","D","Part 1","Yes","Yes","","","3","No","","No","","Yes","4","4","Yes","Yes","translation de la caméra dans l'hôpital ","Vertiges","No","No","No","","4","5",""
"2017/11/02 11:34:59 AM GMT+1","16","0","Invisible","","","","","","","S","Part 2","","","No","Yes","2","Yes","2","Yes","3","Yes","3","5","No","","","","No","No","No","","4","5","possibilité d'explorer mais on rate des éléments importants si on explore. Ou les mouvements de caméras nous incitent à regarder dans une direction en particulier. Pas de limitation ""technique"" mais une limitation par le contenu. Parfois on est attiré par un mouvement périphérique ou central qui nous amène vers cet endroit."
"2017/11/02 2:18:19 PM GMT+1","17","0","Hotel","S","Part 1","Yes","No","","","","","","","","","3","Yes","5","Yes","4","No","","5","No","","","","No","No","No","","4","4","Manque la possibilité de se déplacer dans la scène."
"2017/11/02 2:25:11 PM GMT+1","17","0","Hotel","D","Part 2","","","Yes","Yes","","","","","","","3","No","","No","","No","","5","No","","","","No","Yes","Yes","2","4","4","Envie de se déplacer"
"2017/11/02 3:06:38 PM GMT+1","18","0","Invisible","","","","","","","S","Part 1","Yes","Yes","","","4","Yes","5","Yes","4","No","","4","No","","","","No","No","No","","4","5","pouvoir bouger dans la scène, voir la scène d'un autre point de vue"
"2017/11/02 3:15:27 PM GMT+1","18","0","Invisible","","","","","","","D","Part 2","","","Yes","Yes","3","Yes","4","Yes","4","Yes","4","4","No","","","","No","Yes","No","","5","5",""
"2017/11/02 3:51:07 PM GMT+1","19","0","Hotel","D","Part 1","Yes","Yes","","","","","","","","","2","No","","No","","No","","3","No","","","","No","No","Yes","1","3","3","Limité par les snap change"
"2017/11/02 4:03:22 PM GMT+1","19","0","Hotel","S","Part 2","","","Yes","Yes","","","","","","","4","Yes","2","Yes","4","Yes","4","3","No","","","","No","No","No","","4","4","Scène trop courtes pour explorer."
"2017/11/02 4:49:04 PM GMT+1","20","0","Invisible","","","","","","","D","Part 1","Yes","Yes","","","4","Yes","4","Yes","4","No","","4","Yes","No","","Vertiges","No","No","Yes","4","5","5",""
"2017/11/02 4:56:04 PM GMT+1","20","0","Invisible","","","","","","","S","Part 2","","","No","Yes","4","Yes","4","No","","Yes","5","5","No","","","","No","No","No","","5","5",""
"2017/11/03 9:16:46 AM GMT+1","21","0","Hotel","S","Part 1","Yes","Yes","","","","","","","","","4","Yes","5","No","","No","","5","No","","","","No","No","No","","4","4","Possibilité de se déplacer, d'avancer"
"2017/11/03 9:22:10 AM GMT+1","21","0","Hotel","D","Part 2","","","Yes","Yes","","","","","","","5","No","","No","","No","","5","No","","","","No","No","No","","5","4","possibilité de se déplacer"