<?xml version="1.0" encoding="UTF-8"?>
<videos>
  <video>
      <name>Focus</name>
      <link>file:////storage/emulated/0/toucan/videos/Focus.mp4</link>
      <bitrate>5000</bitrate>
      <standard>Standard mp4</standard>
      <W>1</W>
      <H>1</H>
      <tiling>0,0,1,1</tiling>
      <dynamic>Toucan/dynamicED/Focus.xml</dynamic>
  </video>
  <video>
      <name>Introduction</name>
      <link>file:////storage/emulated/0/toucan/videos/Intro.mp4</link>
      <bitrate>10000</bitrate>
      <standard>Standard mp4</standard>
      <W>1</W>
      <H>1</H>
      <tiling>0,0,1,1</tiling>
  </video>
  <video>
      <name>Hotel Hermitage - STATIC - part1</name>
      <link>http://192.168.10.1/content/Advertising_STATIC_Hotel_Hermitage_final_part1/manifest.mpd</link>
      <bitrate>131694</bitrate>
      <standard>Dash tiled</standard>
      <W>3</W>
      <H>3</H>
      <tiling>0,0,1,1,1,0,1,1,2,0,1,1,0,1,1,1,1,1,1,1,2,1,1,1,0,2,1,1,1,2,1,1,2,2,1,1</tiling>
  </video>
  <video>
      <name>Hotel Hermitage - STATIC - part2</name>
      <link>http://192.168.10.1/content/Advertising_STATIC_Hotel_Hermitage_final_part2/manifest.mpd</link>
      <bitrate>131694</bitrate>
      <standard>Dash tiled</standard>
      <W>3</W>
      <H>3</H>
      <tiling>0,0,1,1,1,0,1,1,2,0,1,1,0,1,1,1,1,1,1,1,2,1,1,1,0,2,1,1,1,2,1,1,2,2,1,1</tiling>
  </video>
  <video>
      <name>Hotel Hermitage - DYNAMIC - part1</name>
      <link>http://192.168.10.1/content/Advertising_STATIC_Hotel_Hermitage_final_part1/manifest.mpd</link>
      <bitrate>131694</bitrate>
      <standard>Dash tiled</standard>
      <W>3</W>
      <H>3</H>
      <tiling>0,0,1,1,1,0,1,1,2,0,1,1,0,1,1,1,1,1,1,1,2,1,1,1,0,2,1,1,1,2,1,1,2,2,1,1</tiling>
      <dynamic>toucan/dynamicED/HotelHermitage_ALIGNED_part1.xml</dynamic>
  </video>
  <video>
      <name>Hotel Hermitage - DYNAMIC - part2</name>
      <link>http://192.168.10.1/content/Advertising_STATIC_Hotel_Hermitage_final_part2/manifest.mpd</link>
      <bitrate>131694</bitrate>
      <standard>Dash tiled</standard>
      <W>3</W>
      <H>3</H>
      <tiling>0,0,1,1,1,0,1,1,2,0,1,1,0,1,1,1,1,1,1,1,2,1,1,1,0,2,1,1,1,2,1,1,2,2,1,1</tiling>
      <dynamic>toucan/dynamicED/HotelHermitage_ALIGNED_part2.xml</dynamic>
  </video>
  <video>
      <name>Invisible - STATIC - part1</name>
      <link>http://192.168.10.1/content/StoryTelling_STATIC_Invisible_final_part1/manifest.mpd</link>
      <bitrate>131694</bitrate>
      <standard>Dash tiled</standard>
      <W>3</W>
      <H>3</H>
      <tiling>0,0,1,1,1,0,1,1,2,0,1,1,0,1,1,1,1,1,1,1,2,1,1,1,0,2,1,1,1,2,1,1,2,2,1,1</tiling>
  </video>
  <video>
      <name>Invisible - STATIC - part2</name>
      <link>http://192.168.10.1/content/StoryTelling_STATIC_Invisible_final_part2/manifest.mpd</link>
      <bitrate>131694</bitrate>
      <standard>Dash tiled</standard>
      <W>3</W>
      <H>3</H>
      <tiling>0,0,1,1,1,0,1,1,2,0,1,1,0,1,1,1,1,1,1,1,2,1,1,1,0,2,1,1,1,2,1,1,2,2,1,1</tiling>
  </video>
  <video>
      <name>Invisible - DYNAMIC - part1</name>
      <link>http://192.168.10.1/content/StoryTelling_STATIC_Invisible_final_part1/manifest.mpd</link>
      <bitrate>131694</bitrate>
      <standard>Dash tiled</standard>
      <W>3</W>
      <H>3</H>
      <tiling>0,0,1,1,1,0,1,1,2,0,1,1,0,1,1,1,1,1,1,1,2,1,1,1,0,2,1,1,1,2,1,1,2,2,1,1</tiling>
      <dynamic>Toucan/dynamicED/Invisible_ALIGNED_oct_17_part1.xml</dynamic>
  </video>
  <video>
      <name>Invisible - DYNAMIC - part2</name>
      <link>http://192.168.10.1/content/StoryTelling_STATIC_Invisible_final_part2/manifest.mpd</link>
      <bitrate>131694</bitrate>
      <standard>Dash tiled</standard>
      <W>3</W>
      <H>3</H>
      <tiling>0,0,1,1,1,0,1,1,2,0,1,1,0,1,1,1,1,1,1,1,2,1,1,1,0,2,1,1,1,2,1,1,2,2,1,1</tiling>
      <dynamic>Toucan/dynamicED/Invisible_ALIGNED_oct_17_part2.xml</dynamic>
  </video>
</videos>
